SET SQL_MODE = "NO_AUTO_VALUE_ON_ZERO";
START TRANSACTION;
SET time_zone = "+00:00";


/*!40101 SET @OLD_CHARACTER_SET_CLIENT=@@CHARACTER_SET_CLIENT */;
/*!40101 SET @OLD_CHARACTER_SET_RESULTS=@@CHARACTER_SET_RESULTS */;
/*!40101 SET @OLD_COLLATION_CONNECTION=@@COLLATION_CONNECTION */;
/*!40101 SET NAMES utf8mb4 */;

--
-- Database: `tuukkaea`
--

-- --------------------------------------------------------

--
-- Table structure for table `airport`
--

CREATE TABLE `airport` (
  `id` int(11) NOT NULL,
  `icao_code` varchar(4) NOT NULL,
  `iata_code` varchar(3) NOT NULL,
  `name` varchar(150) NOT NULL,
  `city` varchar(100) NOT NULL,
  `country_code` varchar(2) NOT NULL,
  `latitude` decimal(10,7) NOT NULL,
  `longitude` decimal(10,7) NOT NULL,
  `elevation_ft` int(11) DEFAULT NULL,
  `continent` varchar(2) NOT NULL,
  `is_major_hub` tinyint(1) DEFAULT 0,
  `created_at` timestamp NOT NULL DEFAULT current_timestamp()
) ENGINE=InnoDB DEFAULT CHARSET=utf8mb4 COLLATE=utf8mb4_unicode_ci;

--
-- Dumping data for table `airport`
--

INSERT INTO `airport` (`id`, `icao_code`, `iata_code`, `name`, `city`, `country_code`, `latitude`, `longitude`, `elevation_ft`, `continent`, `is_major_hub`, `created_at`) VALUES
(1, 'LEPA', 'LAD', 'La Seu Airport', 'Andorra la Vella', 'AD', 42.5063000, 1.5213000, 3566, 'EU', 0, '2025-10-07 09:33:56'),
(2, 'LATI', 'TIA', 'Tirana International Airport', 'Tirana', 'AL', 41.4146700, 19.7206400, 126, 'EU', 1, '2025-10-07 09:33:56'),
(3, 'LOWW', 'VIE', 'Vienna International Airport', 'Vienna', 'AT', 48.1102982, 16.5697002, 600, 'EU', 1, '2025-10-07 09:33:56'),
(4, 'LOWS', 'SZG', 'Salzburg Airport', 'Salzburg', 'AT', 47.7933018, 13.0043001, 1411, 'EU', 0, '2025-10-07 09:33:56'),
(5, 'LQSA', 'SJJ', 'Sarajevo International Airport', 'Sarajevo', 'BA', 43.8246002, 18.3314991, 1708, 'EU', 1, '2025-10-07 09:33:56'),
(6, 'EBBR', 'BRU', 'Brussels Airport', 'Brussels', 'BE', 50.9014015, 4.4844398, 184, 'EU', 1, '2025-10-07 09:33:56'),
(7, 'LBBG', 'SOF', 'Sofia Airport', 'Sofia', 'BG', 42.6968002, 23.4114990, 1742, 'EU', 1, '2025-10-07 09:33:56'),
(8, 'UMMS', 'MSQ', 'Minsk National Airport', 'Minsk', 'BY', 53.8895000, 28.0307000, 748, 'EU', 1, '2025-10-07 09:33:56'),
(9, 'LSZH', 'ZUR', 'Zurich Airport', 'Zurich', 'CH', 47.4646990, 8.5491700, 1416, 'EU', 1, '2025-10-07 09:33:56'),
(10, 'LSGG', 'GVA', 'Geneva Airport', 'Geneva', 'CH', 46.2380981, 6.1089401, 1411, 'EU', 0, '2025-10-07 09:33:56'),
(11, 'LKPR', 'PRG', 'Prague Airport', 'Prague', 'CZ', 50.1007996, 14.2600002, 1247, 'EU', 1, '2025-10-07 09:33:56'),
(12, 'EDDF', 'FRA', 'Frankfurt am Main Airport', 'Frankfurt', 'DE', 50.0333333, 8.5705560, 364, 'EU', 1, '2025-10-07 09:33:56'),
(13, 'EDDM', 'MUC', 'Munich Airport', 'Munich', 'DE', 48.3538017, 11.7861004, 1487, 'EU', 1, '2025-10-07 09:33:56'),
(14, 'EDDB', 'BER', 'Berlin Brandenburg Airport', 'Berlin', 'DE', 52.3666992, 13.5032997, 178, 'EU', 1, '2025-10-07 09:33:56'),
(15, 'EKCH', 'CPH', 'Copenhagen Kastrup Airport', 'Copenhagen', 'DK', 55.6179008, 12.6560001, 17, 'EU', 1, '2025-10-07 09:33:56'),
(16, 'EETN', 'TLL', 'Tallinn Airport', 'Tallinn', 'EE', 59.4132996, 24.8328009, 131, 'EU', 1, '2025-10-07 09:33:56'),
(17, 'LEMD', 'MAD', 'Madrid Barajas Airport', 'Madrid', 'ES', 40.4719260, -3.5626400, 1998, 'EU', 1, '2025-10-07 09:33:56'),
(18, 'LEBL', 'BCN', 'Barcelona Airport', 'Barcelona', 'ES', 41.2971000, 2.0784800, 12, 'EU', 1, '2025-10-07 09:33:56'),
(19, 'EFHK', 'HEL', 'Helsinki Vantaa Airport', 'Helsinki', 'FI', 60.3171997, 24.9633007, 179, 'EU', 1, '2025-10-07 09:33:56'),
(20, 'LFPG', 'CDG', 'Charles de Gaulle International Airport', 'Paris', 'FR', 49.0128010, 2.5500000, 392, 'EU', 1, '2025-10-07 09:33:56'),
(21, 'LFPO', 'ORY', 'Paris Orly Airport', 'Paris', 'FR', 48.7233009, 2.3794400, 291, 'EU', 0, '2025-10-07 09:33:56'),
(22, 'EGLL', 'LHR', 'London Heathrow Airport', 'London', 'GB', 51.4706000, -0.4619410, 83, 'EU', 1, '2025-10-07 09:33:56'),
(23, 'EGKK', 'LGW', 'London Gatwick Airport', 'London', 'GB', 51.1481018, -0.1902780, 202, 'EU', 0, '2025-10-07 09:33:56'),
(24, 'LGAV', 'ATH', 'Athens International Airport', 'Athens', 'GR', 37.9364013, 23.9445000, 266, 'EU', 1, '2025-10-07 09:33:56'),
(25, 'LDZA', 'ZAG', 'Zagreb Airport', 'Zagreb', 'HR', 45.7429008, 16.0687999, 548, 'EU', 1, '2025-10-07 09:33:56'),
(26, 'LHBP', 'BUD', 'Budapest Ferenc Liszt International Airport', 'Budapest', 'HU', 47.4369010, 19.2556000, 495, 'EU', 1, '2025-10-07 09:33:56'),
(27, 'EIDW', 'DUB', 'Dublin Airport', 'Dublin', 'IE', 53.4213009, -6.2700200, 242, 'EU', 1, '2025-10-07 09:33:56'),
(28, 'BIKF', 'KEF', 'Keflavik International Airport', 'Reykjavik', 'IS', 63.9850006, -22.6056004, 171, 'EU', 1, '2025-10-07 09:33:56'),
(29, 'LIRF', 'FCO', 'Leonardo da Vinci International Airport', 'Rome', 'IT', 41.8002778, 12.2388889, 13, 'EU', 1, '2025-10-07 09:33:56'),
(30, 'LIMC', 'MXP', 'Milan Malpensa Airport', 'Milan', 'IT', 45.6306000, 8.7281100, 768, 'EU', 0, '2025-10-07 09:33:56'),
(31, 'EYVI', 'VNO', 'Vilnius Airport', 'Vilnius', 'LT', 54.6341019, 25.2858009, 648, 'EU', 1, '2025-10-07 09:33:56'),
(32, 'ELLX', 'LUX', 'Luxembourg Airport', 'Luxembourg', 'LU', 49.6233330, 6.2044400, 1234, 'EU', 1, '2025-10-07 09:33:56'),
(33, 'EVRA', 'RIX', 'Riga International Airport', 'Riga', 'LV', 56.9235992, 23.9710999, 36, 'EU', 1, '2025-10-07 09:33:56'),
(34, 'LMML', 'MLA', 'Malta International Airport', 'Valletta', 'MT', 35.8575020, 14.4775000, 300, 'EU', 1, '2025-10-07 09:33:56'),
(35, 'EHAM', 'AMS', 'Amsterdam Airport Schiphol', 'Amsterdam', 'NL', 52.3086014, 4.7638998, 13, 'EU', 1, '2025-10-07 09:33:56'),
(36, 'ENGM', 'OSL', 'Oslo Airport', 'Oslo', 'NO', 60.2939987, 11.1004009, 681, 'EU', 1, '2025-10-07 09:33:56'),
(37, 'EPWA', 'WAW', 'Warsaw Chopin Airport', 'Warsaw', 'PL', 52.1656990, 20.9671001, 362, 'EU', 1, '2025-10-07 09:33:56'),
(38, 'LPPT', 'LIS', 'Lisbon Airport', 'Lisbon', 'PT', 38.7742996, -9.1342800, 374, 'EU', 1, '2025-10-07 09:33:56'),
(39, 'LROP', 'OTP', 'Henri Coanda International Airport', 'Bucharest', 'RO', 44.5711975, 26.0850000, 314, 'EU', 1, '2025-10-07 09:33:56'),
(40, 'LYBE', 'BEG', 'Belgrade Nikola Tesla Airport', 'Belgrade', 'RS', 44.8184013, 20.3091011, 335, 'EU', 1, '2025-10-07 09:33:56'),
(41, 'UUEE', 'SVO', 'Sheremetyevo International Airport', 'Moscow', 'RU', 55.9726028, 37.4146004, 622, 'EU', 1, '2025-10-07 09:33:56'),
(42, 'UUWW', 'VKO', 'Vnukovo International Airport', 'Moscow', 'RU', 55.5914993, 37.2615013, 685, 'EU', 0, '2025-10-07 09:33:56'),
(43, 'ARSS', 'ARN', 'Stockholm Arlanda Airport', 'Stockholm', 'SE', 59.6498985, 18.0077999, 137, 'EU', 1, '2025-10-07 09:33:56'),
(44, 'LJLJ', 'LJU', 'Ljubljana Joze Pucnik Airport', 'Ljubljana', 'SI', 46.2237015, 14.4576998, 1273, 'EU', 1, '2025-10-07 09:33:56'),
(45, 'LZIB', 'BTS', 'Bratislava Airport', 'Bratislava', 'SK', 48.1701012, 17.2126999, 436, 'EU', 1, '2025-10-07 09:33:56'),
(46, 'UKBB', 'KBP', 'Kyiv Boryspil International Airport', 'Kyiv', 'UA', 50.3450012, 30.8946991, 427, 'EU', 1, '2025-10-07 09:33:56'),
(47, 'OMDB', 'DXB', 'Dubai International Airport', 'Dubai', 'AE', 25.2527999, 55.3643989, 62, 'AS', 1, '2025-10-07 09:33:56'),
(48, 'OMAA', 'AUH', 'Abu Dhabi International Airport', 'Abu Dhabi', 'AE', 24.4330006, 54.6511002, 88, 'AS', 0, '2025-10-07 09:33:56'),
(49, 'OAKB', 'KBL', 'Hamid Karzai International Airport', 'Kabul', 'AF', 34.5658989, 69.2123032, 5877, 'AS', 1, '2025-10-07 09:33:56'),
(50, 'VGHS', 'DAC', 'Hazrat Shahjalal International Airport', 'Dhaka', 'BD', 23.8433018, 90.3977966, 30, 'AS', 1, '2025-10-07 09:33:56'),
(51, 'OBBI', 'BAH', 'Bahrain International Airport', 'Manama', 'BH', 26.2708340, 50.6336060, 6, 'AS', 1, '2025-10-07 09:33:56'),
(52, 'WBSB', 'BWN', 'Brunei International Airport', 'Bandar Seri Begawan', 'BN', 4.9442200, 114.9283371, 73, 'AS', 1, '2025-10-07 09:33:56'),
(53, 'ZBAA', 'PEK', 'Beijing Capital International Airport', 'Beijing', 'CN', 40.0800018, 116.5849991, 116, 'AS', 1, '2025-10-07 09:33:56'),
(54, 'ZSPD', 'PVG', 'Shanghai Pudong International Airport', 'Shanghai', 'CN', 31.1434002, 121.8052979, 13, 'AS', 0, '2025-10-07 09:33:56'),
(55, 'WIII', 'CGK', 'Soekarno-Hatta International Airport', 'Jakarta', 'ID', -6.1255698, 106.6558990, 34, 'AS', 1, '2025-10-07 09:33:56'),
(56, 'LLBG', 'TLV', 'Ben Gurion Airport', 'Tel Aviv', 'IL', 32.0114021, 34.8866997, 135, 'AS', 1, '2025-10-07 09:33:56'),
(57, 'VIDP', 'DEL', 'Indira Gandhi International Airport', 'New Delhi', 'IN', 28.5665035, 77.1031036, 777, 'AS', 1, '2025-10-07 09:33:56'),
(58, 'VABB', 'BOM', 'Chhatrapati Shivaji Maharaj International Airport', 'Mumbai', 'IN', 19.0886993, 72.8678970, 39, 'AS', 0, '2025-10-07 09:33:56'),
(59, 'ORBI', 'BGW', 'Baghdad International Airport', 'Baghdad', 'IQ', 33.2625008, 44.2347984, 114, 'AS', 1, '2025-10-07 09:33:56'),
(60, 'OIII', 'IKA', 'Imam Khomeini International Airport', 'Tehran', 'IR', 35.4161987, 51.1521988, 3305, 'AS', 1, '2025-10-07 09:33:56'),
(61, 'OJAI', 'AMM', 'Queen Alia International Airport', 'Amman', 'JO', 31.7226009, 35.9931984, 2395, 'AS', 1, '2025-10-07 09:33:56'),
(62, 'RJTT', 'HND', 'Tokyo Haneda Airport', 'Tokyo', 'JP', 35.5522995, 139.7799988, 35, 'AS', 1, '2025-10-07 09:33:56'),
(63, 'RJAA', 'NRT', 'Narita International Airport', 'Tokyo', 'JP', 35.7647018, 140.3864441, 141, 'AS', 0, '2025-10-07 09:33:56'),
(64, 'VDPP', 'PNH', 'Phnom Penh International Airport', 'Phnom Penh', 'KH', 11.5465999, 104.8440018, 40, 'AS', 1, '2025-10-07 09:33:56'),
(65, 'RKSI', 'ICN', 'Seoul Incheon International Airport', 'Seoul', 'KR', 37.4691010, 126.4510040, 23, 'AS', 1, '2025-10-07 09:33:56'),
(66, 'OKBK', 'KWI', 'Kuwait International Airport', 'Kuwait City', 'KW', 29.2266006, 47.9689026, 206, 'AS', 1, '2025-10-07 09:33:56'),
(67, 'VDPS', 'VTE', 'Wattay International Airport', 'Vientiane', 'LA', 17.9883003, 102.5633011, 564, 'AS', 1, '2025-10-07 09:33:56'),
(68, 'OLBA', 'BEY', 'Beirut Rafic Hariri International Airport', 'Beirut', 'LB', 33.8209000, 35.4883003, 87, 'AS', 1, '2025-10-07 09:33:56'),
(69, 'VCBI', 'CMB', 'Bandaranaike International Airport', 'Colombo', 'LK', 7.1807699, 79.8841019, 30, 'AS', 1, '2025-10-07 09:33:56'),
(70, 'VYYY', 'RGN', 'Yangon International Airport', 'Yangon', 'MM', 16.9073009, 96.1332016, 109, 'AS', 1, '2025-10-07 09:33:56'),
(71, 'ZMUB', 'ULN', 'Ulaanbaatar Chinggis Khaan International Airport', 'Ulaanbaatar', 'MN', 47.8430023, 106.7666016, 4364, 'AS', 1, '2025-10-07 09:33:56'),
(72, 'WMKK', 'KUL', 'Kuala Lumpur International Airport', 'Kuala Lumpur', 'MY', 2.7455600, 101.7099991, 69, 'AS', 1, '2025-10-07 09:33:56'),
(73, 'VNKT', 'KTM', 'Tribhuvan International Airport', 'Kathmandu', 'NP', 27.6965942, 85.3591003, 4390, 'AS', 1, '2025-10-07 09:33:56'),
(74, 'OOMS', 'MCT', 'Muscat International Airport', 'Muscat', 'OM', 23.5933018, 58.2844009, 48, 'AS', 1, '2025-10-07 09:33:56'),
(75, 'RPLL', 'MNL', 'Ninoy Aquino International Airport', 'Manila', 'PH', 14.5086002, 121.0199966, 75, 'AS', 1, '2025-10-07 09:33:56'),
(76, 'OPKC', 'KHI', 'Jinnah International Airport', 'Karachi', 'PK', 24.9065018, 67.1608963, 100, 'AS', 1, '2025-10-07 09:33:56'),
(77, 'OTHH', 'DOH', 'Hamad International Airport', 'Doha', 'QA', 25.2731018, 51.6080017, 13, 'AS', 1, '2025-10-07 09:33:56'),
(78, 'OERK', 'RUH', 'King Khalid International Airport', 'Riyadh', 'SA', 24.9575996, 46.6987991, 2049, 'AS', 1, '2025-10-07 09:33:56'),
(79, 'WSSS', 'SIN', 'Singapore Changi Airport', 'Singapore', 'SG', 1.3501900, 103.9940033, 22, 'AS', 1, '2025-10-07 09:33:56'),
(80, 'VTBS', 'BKK', 'Suvarnabhumi Airport', 'Bangkok', 'TH', 13.6810999, 100.7472000, 5, 'AS', 1, '2025-10-07 09:33:56'),
(81, 'LTBA', 'IST', 'Istanbul Airport', 'Istanbul', 'TR', 41.2753982, 28.7519989, 325, 'AS', 1, '2025-10-07 09:33:56'),
(82, 'RCTP', 'TPE', 'Taiwan Taoyuan International Airport', 'Taipei', 'TW', 25.0777000, 121.2328033, 106, 'AS', 1, '2025-10-07 09:33:56'),
(83, 'UTTT', 'TAS', 'Tashkent International Airport', 'Tashkent', 'UZ', 41.2578010, 69.2811966, 1417, 'AS', 1, '2025-10-07 09:33:56'),
(84, 'VVNB', 'SGN', 'Tan Son Nhat International Airport', 'Ho Chi Minh City', 'VN', 10.8187008, 106.6519012, 33, 'AS', 1, '2025-10-07 09:33:56'),
(85, 'CYYZ', 'YYZ', 'Toronto Pearson International Airport', 'Toronto', 'CA', 43.6772003, -79.6305999, 569, 'NA', 1, '2025-10-07 09:33:56'),
(86, 'CYVR', 'YVR', 'Vancouver International Airport', 'Vancouver', 'CA', 49.1938972, -123.1840057, 14, 'NA', 0, '2025-10-07 09:33:56'),
(87, 'MMMX', 'MEX', 'Mexico City International Airport', 'Mexico City', 'MX', 19.4363003, -99.0720978, 7340, 'NA', 1, '2025-10-07 09:33:56'),
(88, 'KJFK', 'JFK', 'John F Kennedy International Airport', 'New York', 'US', 40.6398010, -73.7789001, 13, 'NA', 1, '2025-10-07 09:33:56'),
(89, 'KLAX', 'LAX', 'Los Angeles International Airport', 'Los Angeles', 'US', 33.9424973, -118.4089966, 125, 'NA', 1, '2025-10-07 09:33:56'),
(90, 'KORD', 'ORD', 'Chicago O\'Hare International Airport', 'Chicago', 'US', 41.9786000, -87.9048004, 672, 'NA', 0, '2025-10-07 09:33:56'),
(91, 'SAEZ', 'EZE', 'Ezeiza International Airport', 'Buenos Aires', 'AR', -34.8222008, -58.5358009, 67, 'SA', 1, '2025-10-07 09:33:56'),
(92, 'SLLP', 'LPB', 'El Alto International Airport', 'La Paz', 'BO', -16.5132999, -68.1923981, 13323, 'SA', 1, '2025-10-07 09:33:56'),
(93, 'SBGR', 'GRU', 'São Paulo/Guarulhos International Airport', 'São Paulo', 'BR', -23.4355564, -46.4730835, 2459, 'SA', 1, '2025-10-07 09:33:56'),
(94, 'SBGL', 'GIG', 'Rio de Janeiro/Galeão International Airport', 'Rio de Janeiro', 'BR', -22.8099995, -43.2505569, 28, 'SA', 0, '2025-10-07 09:33:56'),
(95, 'SCEL', 'SCL', 'Santiago International Airport', 'Santiago', 'CL', -33.3930016, -70.7858048, 1555, 'SA', 1, '2025-10-07 09:33:56'),
(96, 'SKBO', 'BOG', 'El Dorado International Airport', 'Bogotá', 'CO', 4.7016201, -74.1469040, 8361, 'SA', 1, '2025-10-07 09:33:56'),
(97, 'SEQM', 'UIO', 'Mariscal Sucre International Airport', 'Quito', 'EC', -0.1295500, -78.3576965, 9228, 'SA', 1, '2025-10-07 09:33:56'),
(98, 'SPJC', 'LIM', 'Jorge Chávez International Airport', 'Lima', 'PE', -12.0218992, -77.1142960, 113, 'SA', 1, '2025-10-07 09:33:56'),
(99, 'SUMU', 'MVD', 'Montevideo Airport', 'Montevideo', 'UY', -34.8384018, -56.0308037, 105, 'SA', 1, '2025-10-07 09:33:56'),
(100, 'SVMI', 'CCS', 'Simón Bolívar International Airport', 'Caracas', 'VE', 10.6013002, -66.9906006, 235, 'SA', 1, '2025-10-07 09:33:56'),
(101, 'DAAG', 'ALG', 'Houari Boumediene Airport', 'Algiers', 'DZ', 36.6910019, 3.2154300, 82, 'AF', 1, '2025-10-07 09:33:56'),
(102, 'HECA', 'CAI', 'Cairo International Airport', 'Cairo', 'EG', 30.1219006, 31.4055996, 382, 'AF', 1, '2025-10-07 09:33:56'),
(103, 'HAAB', 'ADD', 'Addis Ababa Bole International Airport', 'Addis Ababa', 'ET', 8.9778004, 38.7996979, 7625, 'AF', 1, '2025-10-07 09:33:56'),
(104, 'DGAA', 'ACC', 'Kotoka International Airport', 'Accra', 'GH', 5.6052198, -0.1669870, 205, 'AF', 1, '2025-10-07 09:33:56'),
(105, 'HKJK', 'NBO', 'Jomo Kenyatta International Airport', 'Nairobi', 'KE', -1.3192400, 36.9277992, 5327, 'AF', 1, '2025-10-07 09:33:56'),
(106, 'GMMN', 'CMN', 'Mohammed V International Airport', 'Casablanca', 'MA', 33.3675003, -7.5899701, 656, 'AF', 1, '2025-10-07 09:33:56'),
(107, 'DNMM', 'LOS', 'Murtala Muhammed International Airport', 'Lagos', 'NG', 6.5773702, 3.3213201, 135, 'AF', 1, '2025-10-07 09:33:56'),
(108, 'DTTA', 'TUN', 'Tunis Carthage International Airport', 'Tunis', 'TN', 36.8510017, 10.2271996, 22, 'AF', 1, '2025-10-07 09:33:56'),
(109, 'FAOR', 'JNB', 'O.R. Tambo International Airport', 'Johannesburg', 'ZA', -26.1392002, 28.2460003, 5558, 'AF', 1, '2025-10-07 09:33:56'),
(110, 'YSSY', 'SYD', 'Sydney Kingsford Smith Airport', 'Sydney', 'AU', -33.9468994, 151.1770020, 21, 'OC', 1, '2025-10-07 09:33:56'),
(111, 'YMML', 'MEL', 'Melbourne Airport', 'Melbourne', 'AU', -37.6733017, 144.8430023, 434, 'OC', 0, '2025-10-07 09:33:56'),
(112, 'NFFN', 'NAN', 'Nadi International Airport', 'Nadi', 'FJ', -17.7553997, 177.4429016, 59, 'OC', 1, '2025-10-07 09:33:56'),
(113, 'NZAA', 'AKL', 'Auckland International Airport', 'Auckland', 'NZ', -37.0080986, 174.7919922, 23, 'OC', 1, '2025-10-07 09:33:56');

-- --------------------------------------------------------

--
-- Table structure for table `country`
--

CREATE TABLE `country` (
  `code` varchar(2) NOT NULL,
  `name` varchar(100) NOT NULL,
  `continent` enum('EU','NA','AS','AF','SA','OC','AN') NOT NULL,
  `created_at` timestamp NOT NULL DEFAULT current_timestamp()
) ENGINE=InnoDB DEFAULT CHARSET=utf8mb4 COLLATE=utf8mb4_unicode_ci;

--
-- Dumping data for table `country`
--

INSERT INTO `country` (`code`, `name`, `continent`, `created_at`) VALUES
('AD', 'Andorra', 'EU', '2025-10-07 09:33:56'),
('AE', 'United Arab Emirates', 'AS', '2025-10-07 09:33:56'),
('AF', 'Afghanistan', 'AS', '2025-10-07 09:33:56'),
('AL', 'Albania', 'EU', '2025-10-07 09:33:56'),
('AR', 'Argentina', 'SA', '2025-10-07 09:33:56'),
('AT', 'Austria', 'EU', '2025-10-07 09:33:56'),
('AU', 'Australia', 'OC', '2025-10-07 09:33:56'),
('BA', 'Bosnia and Herzegovina', 'EU', '2025-10-07 09:33:56'),
('BD', 'Bangladesh', 'AS', '2025-10-07 09:33:56'),
('BE', 'Belgium', 'EU', '2025-10-07 09:33:56'),
('BG', 'Bulgaria', 'EU', '2025-10-07 09:33:56'),
('BH', 'Bahrain', 'AS', '2025-10-07 09:33:56'),
('BN', 'Brunei', 'AS', '2025-10-07 09:33:56'),
('BO', 'Bolivia', 'SA', '2025-10-07 09:33:56'),
('BR', 'Brazil', 'SA', '2025-10-07 09:33:56'),
('BY', 'Belarus', 'EU', '2025-10-07 09:33:56'),
('CA', 'Canada', 'NA', '2025-10-07 09:33:56'),
('CH', 'Switzerland', 'EU', '2025-10-07 09:33:56'),
('CL', 'Chile', 'SA', '2025-10-07 09:33:56'),
('CN', 'China', 'AS', '2025-10-07 09:33:56'),
('CO', 'Colombia', 'SA', '2025-10-07 09:33:56'),
('CZ', 'Czech Republic', 'EU', '2025-10-07 09:33:56'),
('DE', 'Germany', 'EU', '2025-10-07 09:33:56'),
('DK', 'Denmark', 'EU', '2025-10-07 09:33:56'),
('DZ', 'Algeria', 'AF', '2025-10-07 09:33:56'),
('EC', 'Ecuador', 'SA', '2025-10-07 09:33:56'),
('EE', 'Estonia', 'EU', '2025-10-07 09:33:56'),
('EG', 'Egypt', 'AF', '2025-10-07 09:33:56'),
('ES', 'Spain', 'EU', '2025-10-07 09:33:56'),
('ET', 'Ethiopia', 'AF', '2025-10-07 09:33:56'),
('FI', 'Finland', 'EU', '2025-10-07 09:33:56'),
('FJ', 'Fiji', 'OC', '2025-10-07 09:33:56'),
('FR', 'France', 'EU', '2025-10-07 09:33:56'),
('GB', 'United Kingdom', 'EU', '2025-10-07 09:33:56'),
('GH', 'Ghana', 'AF', '2025-10-07 09:33:56'),
('GR', 'Greece', 'EU', '2025-10-07 09:33:56'),
('HR', 'Croatia', 'EU', '2025-10-07 09:33:56'),
('HU', 'Hungary', 'EU', '2025-10-07 09:33:56'),
('ID', 'Indonesia', 'AS', '2025-10-07 09:33:56'),
('IE', 'Ireland', 'EU', '2025-10-07 09:33:56'),
('IL', 'Israel', 'AS', '2025-10-07 09:33:56'),
('IN', 'India', 'AS', '2025-10-07 09:33:56'),
('IQ', 'Iraq', 'AS', '2025-10-07 09:33:56'),
('IR', 'Iran', 'AS', '2025-10-07 09:33:56'),
('IS', 'Iceland', 'EU', '2025-10-07 09:33:56'),
('IT', 'Italy', 'EU', '2025-10-07 09:33:56'),
('JO', 'Jordan', 'AS', '2025-10-07 09:33:56'),
('JP', 'Japan', 'AS', '2025-10-07 09:33:56'),
('KE', 'Kenya', 'AF', '2025-10-07 09:33:56'),
('KH', 'Cambodia', 'AS', '2025-10-07 09:33:56'),
('KR', 'South Korea', 'AS', '2025-10-07 09:33:56'),
('KW', 'Kuwait', 'AS', '2025-10-07 09:33:56'),
('LA', 'Laos', 'AS', '2025-10-07 09:33:56'),
('LB', 'Lebanon', 'AS', '2025-10-07 09:33:56'),
('LK', 'Sri Lanka', 'AS', '2025-10-07 09:33:56'),
('LT', 'Lithuania', 'EU', '2025-10-07 09:33:56'),
('LU', 'Luxembourg', 'EU', '2025-10-07 09:33:56'),
('LV', 'Latvia', 'EU', '2025-10-07 09:33:56'),
('MA', 'Morocco', 'AF', '2025-10-07 09:33:56'),
('MM', 'Myanmar', 'AS', '2025-10-07 09:33:56'),
('MN', 'Mongolia', 'AS', '2025-10-07 09:33:56'),
('MT', 'Malta', 'EU', '2025-10-07 09:33:56'),
('MX', 'Mexico', 'NA', '2025-10-07 09:33:56'),
('MY', 'Malaysia', 'AS', '2025-10-07 09:33:56'),
('NG', 'Nigeria', 'AF', '2025-10-07 09:33:56'),
('NL', 'Netherlands', 'EU', '2025-10-07 09:33:56'),
('NO', 'Norway', 'EU', '2025-10-07 09:33:56'),
('NP', 'Nepal', 'AS', '2025-10-07 09:33:56'),
('NZ', 'New Zealand', 'OC', '2025-10-07 09:33:56'),
('OM', 'Oman', 'AS', '2025-10-07 09:33:56'),
('PE', 'Peru', 'SA', '2025-10-07 09:33:56'),
('PH', 'Philippines', 'AS', '2025-10-07 09:33:56'),
('PK', 'Pakistan', 'AS', '2025-10-07 09:33:56'),
('PL', 'Poland', 'EU', '2025-10-07 09:33:56'),
('PT', 'Portugal', 'EU', '2025-10-07 09:33:56'),
('QA', 'Qatar', 'AS', '2025-10-07 09:33:56'),
('RO', 'Romania', 'EU', '2025-10-07 09:33:56'),
('RS', 'Serbia', 'EU', '2025-10-07 09:33:56'),
('RU', 'Russia', 'EU', '2025-10-07 09:33:56'),
('SA', 'Saudi Arabia', 'AS', '2025-10-07 09:33:56'),
('SE', 'Sweden', 'EU', '2025-10-07 09:33:56'),
('SG', 'Singapore', 'AS', '2025-10-07 09:33:56'),
('SI', 'Slovenia', 'EU', '2025-10-07 09:33:56'),
('SK', 'Slovakia', 'EU', '2025-10-07 09:33:56'),
('TH', 'Thailand', 'AS', '2025-10-07 09:33:56'),
('TN', 'Tunisia', 'AF', '2025-10-07 09:33:56'),
('TR', 'Turkey', 'AS', '2025-10-07 09:33:56'),
('TW', 'Taiwan', 'AS', '2025-10-07 09:33:56'),
('UA', 'Ukraine', 'EU', '2025-10-07 09:33:56'),
('US', 'United States', 'NA', '2025-10-07 09:33:56'),
('UY', 'Uruguay', 'SA', '2025-10-07 09:33:56'),
('UZ', 'Uzbekistan', 'AS', '2025-10-07 09:33:56'),
('VE', 'Venezuela', 'SA', '2025-10-07 09:33:56'),
('VN', 'Vietnam', 'AS', '2025-10-07 09:33:56'),
('ZA', 'South Africa', 'AF', '2025-10-07 09:33:56');

-- --------------------------------------------------------

--
-- Table structure for table `game_save`
--

CREATE TABLE `game_save` (
  `id` int(11) NOT NULL,
  `player_id` int(11) NOT NULL,
  `save_name` varchar(100) NOT NULL DEFAULT 'autosave',
  `game_data` longtext CHARACTER SET utf8mb4 COLLATE utf8mb4_bin NOT NULL CHECK (json_valid(`game_data`)),
  `created_at` timestamp NOT NULL DEFAULT current_timestamp(),
  `updated_at` timestamp NOT NULL DEFAULT current_timestamp() ON UPDATE current_timestamp()
) ENGINE=InnoDB DEFAULT CHARSET=utf8mb4 COLLATE=utf8mb4_unicode_ci;

--
-- Dumping data for table `game_save`
--

INSERT INTO `game_save` (`id`, `player_id`, `save_name`, `game_data`, `created_at`, `updated_at`) VALUES
(1, 5, 'autosave', '{\"session_id\": 4, \"difficulty_level\": \"hard\", \"starting_airport_id\": 110, \"boss_airport_id\": 26, \"boss_country_code\": \"HU\", \"current_airport_id\": 34, \"battery_level\": 85, \"puzzles_solved\": 10, \"countries_guessed\": [\"SE\", \"EG\", \"CN\", \"CL\", \"ZA\", \"NO\", \"IT\", \"TR\", \"ES\", \"IR\", \"UA\", \"BE\", \"GR\", \"TN\", \"MT\"], \"status\": \"active\", \"score\": 0, \"save_timestamp\": \"2025-10-07T17:38:08.532577\"}', '2025-10-07 14:21:22', '2025-10-07 14:38:07');

-- --------------------------------------------------------

--
-- Table structure for table `game_session`
--

CREATE TABLE `game_session` (
  `id` int(11) NOT NULL,
  `player_id` int(11) NOT NULL,
  `difficulty_level` enum('easy','medium','hard') NOT NULL DEFAULT 'easy',
  `starting_airport_id` int(11) NOT NULL,
  `boss_airport_id` int(11) NOT NULL,
  `boss_country_code` varchar(2) NOT NULL,
  `current_airport_id` int(11) NOT NULL,
  `battery_level` int(11) DEFAULT 100,
  `puzzles_solved` int(11) DEFAULT 0,
  `countries_guessed` longtext CHARACTER SET utf8mb4 COLLATE utf8mb4_bin DEFAULT NULL CHECK (json_valid(`countries_guessed`)),
  `status` enum('active','won','lost','abandoned') DEFAULT 'active',
  `score` int(11) DEFAULT 0,
  `started_at` timestamp NOT NULL DEFAULT current_timestamp(),
  `completed_at` timestamp NULL DEFAULT NULL
) ENGINE=InnoDB DEFAULT CHARSET=utf8mb4 COLLATE=utf8mb4_unicode_ci;

--
-- Dumping data for table `game_session`
--

INSERT INTO `game_session` (`id`, `player_id`, `difficulty_level`, `starting_airport_id`, `boss_airport_id`, `boss_country_code`, `current_airport_id`, `battery_level`, `puzzles_solved`, `countries_guessed`, `status`, `score`, `started_at`, `completed_at`) VALUES
(1, 4, 'easy', 26, 96, 'CO', 19, 90, 0, '[\"FI\"]', 'active', 0, '2025-10-07 14:03:10', NULL),
(2, 5, 'easy', 84, 97, 'EC', 88, 90, 2, '[\"AR\", \"DE\", \"US\"]', 'abandoned', 0, '2025-10-07 14:20:49', '2025-10-07 14:24:07'),
(3, 5, 'easy', 44, 47, 'AE', 44, 100, 0, '[]', 'abandoned', 0, '2025-10-07 14:24:08', '2025-10-07 14:24:13'),
(4, 5, 'hard', 110, 26, 'HU', 34, 75, 10, '[\"SE\", \"EG\", \"CN\", \"CL\", \"ZA\", \"NO\", \"IT\", \"TR\", \"ES\", \"IR\", \"UA\", \"BE\", \"GR\", \"TN\", \"MT\", \"HU\"]', 'won', 0, '2025-10-07 14:24:46', '2025-10-07 14:38:52'),
(5, 8, 'easy', 57, 40, 'RS', 19, 100, 0, '[]', 'active', 0, '2025-10-07 19:41:31', NULL),
(6, 8, 'easy', 37, 25, 'HR', 19, 100, 3, '[\"FI\", \"CN\", \"IR\"]', 'active', 0, '2025-10-07 19:43:59', NULL),
(7, 10, 'easy', 20, 82, 'TW', 54, 100, 9, '[\"CN\", \"MN\", \"KR\", \"VN\", \"TH\", \"IN\", \"JP\", \"TW\"]', 'active', 0, '2025-10-08 10:39:23', NULL),
(8, 11, 'hard', 99, 33, 'LV', 19, 100, 0, '[]', 'active', 0, '2025-10-08 11:14:04', NULL),
(9, 12, 'hard', 62, 78, 'SA', 19, 100, 0, '[]', 'active', 0, '2025-10-08 11:15:53', NULL),
(10, 8, 'easy', 12, 59, 'IQ', 71, 90, 2, '[\"CN\", \"VN\", \"MN\"]', 'active', 0, '2025-10-08 11:17:29', NULL),
(11, 7, 'easy', 93, 84, 'VN', 41, 85, 3, '[\"JP\", \"TR\", \"DK\", \"IR\", \"RU\"]', 'active', 0, '2025-10-08 11:32:56', NULL),
(12, 8, 'easy', 99, 45, 'SK', 19, 100, 1, '[\"FI\"]', 'active', 0, '2025-10-08 11:36:20', NULL),
(13, 8, 'easy', 62, 12, 'DE', 29, 90, 0, '[\"IT\"]', 'active', 0, '2025-10-08 11:48:50', NULL),
(14, 8, 'easy', 12, 2, 'AL', 2, 85, 8, '[\"IT\", \"TR\", \"IL\", \"UA\", \"HU\", \"DE\", \"HR\", \"GR\", \"BE\", \"AT\", \"BG\", \"RO\", \"AL\"]', 'active', 0, '2025-10-08 11:51:00', NULL),
(15, 8, 'easy', 60, 89, 'US', 89, 95, 4, '[\"CN\", \"ZA\", \"US\"]', 'active', 0, '2025-10-08 12:04:47', NULL),
(16, 8, 'easy', 98, 55, 'ID', 19, 0, 2, '[\"US\", \"CN\", \"IN\", \"IQ\", \"RU\", \"JP\", \"TR\", \"ZA\", \"TH\", \"AU\", \"PH\", \"VN\", \"SA\", \"FI\"]', 'lost', 0, '2025-10-08 12:10:48', '2025-10-08 12:14:14'),
(17, 15, 'easy', 16, 6, 'BE', 6, 85, 2, '[\"ES\", \"GB\", \"FR\", \"BE\"]', 'won', 0, '2025-10-08 12:44:39', '2025-10-08 12:47:15'),
(18, 16, 'hard', 31, 59, 'IQ', 59, 30, 2, '[\"TR\", \"IR\", \"SA\", \"IQ\"]', 'won', 0, '2025-10-08 12:47:41', '2025-10-08 12:49:49'),
(19, 16, 'hard', 80, 60, 'IR', 53, 0, 0, '[\"IS\", \"LA\", \"CN\"]', 'lost', 0, '2025-10-08 12:49:53', '2025-10-08 12:50:16'),
(20, 17, 'hard', 73, 83, 'UZ', 19, 100, 0, '[]', 'abandoned', 0, '2025-10-08 13:10:03', '2025-10-08 13:11:03'),
(21, 18, 'easy', 67, 32, 'LU', 19, 100, 0, '[]', 'abandoned', 0, '2025-10-08 13:11:34', '2025-10-08 13:12:33'),
(22, 16, 'easy', 72, 44, 'SI', 19, 100, 0, '[]', 'active', 0, '2025-10-08 13:13:15', NULL),
(23, 21, 'easy', 17, 5, 'BA', 19, 100, 0, '[]', 'abandoned', 0, '2025-10-08 13:20:01', '2025-10-08 13:20:17'),
(24, 21, 'hard', 32, 112, 'FJ', 19, 100, 0, '[]', 'active', 0, '2025-10-08 13:20:24', NULL),
(25, 5, 'hard', 81, 39, 'RO', 112, 100, 0, '[]', 'active', 0, '2025-10-08 13:21:19', NULL),
(26, 8, 'hard', 68, 55, 'ID', 112, 100, 0, '[]', 'active', 0, '2025-10-08 13:22:45', NULL),
(27, 8, 'easy', 72, 22, 'GB', 112, 100, 0, '[]', 'abandoned', 0, '2025-10-08 13:24:22', '2025-10-08 13:24:26'),
(28, 8, 'hard', 66, 83, 'UZ', 15, 0, 1, '[\"US\", \"CN\", \"IQ\", \"DK\"]', 'lost', 0, '2025-10-08 13:24:30', '2025-10-08 13:25:37'),
(29, 16, 'medium', 14, 28, 'IS', 19, 100, 0, '[]', 'active', 0, '2025-10-08 13:32:43', NULL),
(30, 26, 'medium', 108, 67, 'LA', 30, 80, 0, '[\"IT\"]', 'abandoned', 0, '2025-10-08 14:09:44', '2025-10-08 14:10:10'),
(31, 26, 'hard', 64, 102, 'EG', 60, 40, 0, '[\"IT\", \"CN\", \"IR\"]', 'abandoned', 0, '2025-10-08 14:22:35', '2025-10-08 14:24:35'),
(32, 27, 'easy', 22, 11, 'CZ', 11, 100, 5, '[\"HU\", \"DE\", \"PL\", \"CN\", \"CZ\"]', 'won', 0, '2025-10-08 14:26:38', '2025-10-08 14:30:45'),
(33, 27, 'medium', 104, 106, 'MA', 29, 100, 0, '[\"IT\"]', 'active', 0, '2025-10-08 14:30:58', NULL),
(34, 8, 'hard', 112, 26, 'HU', 19, 100, 0, '[]', 'abandoned', 0, '2025-10-08 14:33:11', '2025-10-08 14:33:17'),
(35, 7, 'medium', 82, 57, 'IN', 112, 100, 0, '[]', 'abandoned', 0, '2025-10-08 14:36:18', '2025-10-08 14:36:43'),
(36, 8, 'easy', 20, 104, 'GH', 112, 100, 0, '[]', 'active', 0, '2025-10-08 14:38:25', NULL),
(37, 8, 'easy', 53, 62, 'JP', 62, 85, 2, '[\"RU\", \"AU\", \"JP\"]', 'won', 0, '2025-10-08 14:38:51', '2025-10-08 14:40:28'),
(38, 8, 'easy', 35, 98, 'PE', 88, 70, 0, '[\"CN\", \"US\"]', 'abandoned', 0, '2025-10-08 14:40:39', '2025-10-08 14:41:57'),
(39, 27, 'easy', 102, 77, 'QA', 59, 70, 0, '[\"CN\", \"IQ\"]', 'abandoned', 0, '2025-10-08 14:42:22', '2025-10-08 14:50:17'),
(40, 27, 'easy', 35, 13, 'DE', 7, 100, 1, '[\"BG\"]', 'active', 0, '2025-10-08 14:50:27', NULL),
(41, 8, 'easy', 18, 20, 'FR', 20, 85, 3, '[\"BD\", \"BG\", \"HU\", \"GB\", \"IE\", \"FR\"]', 'won', 0, '2025-10-08 14:50:58', '2025-10-08 14:52:31'),
(42, 27, 'easy', 20, 92, 'BO', 109, 75, 1, '[\"CN\", \"US\", \"AU\", \"ZA\"]', 'abandoned', 0, '2025-10-08 14:57:52', '2025-10-08 14:59:16'),
(43, 27, 'easy', 108, 106, 'MA', 19, 100, 0, '[]', 'abandoned', 0, '2025-10-08 15:00:29', '2025-10-08 15:00:39'),
(44, 8, 'easy', 112, 38, 'PT', 19, 100, 0, '[]', 'active', 0, '2025-10-08 15:00:48', NULL),
(45, 8, 'easy', 67, 3, 'AT', 53, 85, 0, '[\"CN\"]', 'active', 0, '2025-10-08 15:05:07', NULL),
(46, 8, 'easy', 108, 44, 'SI', 19, 85, 0, '[\"FI\"]', 'abandoned', 0, '2025-10-08 15:05:28', '2025-10-08 15:06:03'),
(47, 8, 'easy', 28, 71, 'MN', 49, 85, 0, '[\"AF\"]', 'abandoned', 0, '2025-10-08 15:06:07', '2025-10-08 15:06:22'),
(48, 8, 'easy', 22, 2, 'AL', 3, 85, 0, '[\"AT\"]', 'active', 0, '2025-10-08 15:07:37', NULL),
(49, 28, 'easy', 110, 5, 'BA', 14, 85, 0, '[\"DE\"]', 'abandoned', 0, '2025-10-08 15:08:33', '2025-10-08 15:09:23'),
(50, 8, 'easy', 110, 60, 'IR', 14, 85, 0, '[\"DE\"]', 'active', 0, '2025-10-08 15:09:30', NULL),
(51, 8, 'easy', 113, 47, 'AE', 19, 100, 1, '[\"FI\"]', 'active', 0, '2025-10-08 15:09:51', NULL),
(52, 8, 'hard', 61, 113, 'NZ', 53, 80, 0, '[\"CN\"]', 'active', 0, '2025-10-08 15:10:18', NULL),
(53, 8, 'easy', 80, 62, 'JP', 98, 85, 1, '[\"PK\", \"PE\"]', 'active', 0, '2025-10-08 15:10:36', NULL),
(54, 8, 'easy', 74, 75, 'PH', 49, 55, 0, '[\"CN\", \"DE\", \"AF\"]', 'abandoned', 0, '2025-10-08 15:11:37', '2025-10-08 15:12:31'),
(55, 27, 'easy', 39, 55, 'ID', 53, 100, 1, '[\"CN\"]', 'active', 0, '2025-10-08 15:18:26', NULL),
(56, 8, 'easy', 78, 87, 'MX', 88, 75, 1, '[\"CN\", \"JP\", \"AU\", \"US\"]', 'active', 0, '2025-10-08 15:19:10', NULL),
(57, 8, 'easy', 39, 19, 'FI', 19, 100, 1, '[\"FI\"]', 'won', 0, '2025-10-08 15:20:38', '2025-10-08 15:20:46'),
(58, 8, 'easy', 89, 105, 'KE', 105, 85, 2, '[\"CN\", \"US\", \"ZA\", \"KE\"]', 'won', 0, '2025-10-08 15:20:51', '2025-10-08 15:22:02'),
(59, 8, 'easy', 34, 35, 'NL', 27, 60, 1, '[\"AT\", \"DE\", \"GB\", \"CN\", \"IE\"]', 'abandoned', 0, '2025-10-08 15:23:24', '2025-10-08 15:24:12'),
(60, 8, 'easy', 43, 64, 'KH', 53, 85, 0, '[\"CN\"]', 'abandoned', 0, '2025-10-08 15:25:47', '2025-10-08 15:25:58'),
(61, 29, 'easy', 104, 37, 'PL', 37, 40, 1, '[\"HU\", \"UA\", \"DE\", \"HR\", \"PL\"]', 'won', 0, '2025-10-08 15:28:04', '2025-10-08 15:28:50'),
(62, 8, 'easy', 91, 67, 'LA', 80, 85, 1, '[\"IT\", \"CN\", \"TH\"]', 'abandoned', 0, '2025-10-08 15:35:54', '2025-10-08 15:36:22'),
(63, 27, 'easy', 99, 35, 'NL', 35, 40, 0, '[\"GB\", \"IE\", \"BE\", \"NL\"]', 'won', 0, '2025-10-08 15:41:21', '2025-10-08 15:42:14'),
(64, 5, 'easy', 9, 96, 'CO', 95, 60, 1, '[\"CN\", \"US\", \"MX\", \"CA\", \"CL\"]', 'abandoned', 0, '2025-10-08 15:43:15', '2025-10-08 15:43:55'),
(65, 5, 'easy', 93, 101, 'DZ', 95, 100, 0, '[]', 'abandoned', 0, '2025-10-08 15:44:20', '2025-10-08 15:44:23'),
(66, 21, 'easy', 93, 29, 'IT', 29, 100, 2, '[\"IT\", \"CN\"]', 'won', 0, '2025-10-09 14:08:49', '2025-10-09 14:12:44'),
(67, 21, 'medium', 62, 67, 'LA', 67, 80, 2, '[\"CN\", \"IN\", \"TH\", \"MM\", \"LA\"]', 'won', 0, '2025-10-09 14:13:02', '2025-10-09 14:16:55'),
(68, 31, 'hard', 27, 33, 'LV', 33, 85, 2, '[\"DE\", \"SE\", \"RU\", \"LT\", \"LV\"]', 'won', 0, '2025-10-09 15:34:13', '2025-10-09 15:38:11'),
(69, 31, 'medium', 41, 31, 'LT', 29, 100, 1, '[\"IT\"]', 'abandoned', 0, '2025-10-09 15:38:17', '2025-10-09 15:38:31'),
(70, 8, 'easy', 31, 113, 'NZ', 19, 100, 0, '[]', 'abandoned', 0, '2025-10-10 07:10:55', '2025-10-10 07:11:04'),
(71, 32, 'easy', 25, 110, 'AU', 29, 100, 1, '[\"IT\"]', 'abandoned', 0, '2025-10-10 07:12:20', '2025-10-10 07:13:05'),
(72, 13, 'easy', 67, 41, 'RU', 46, 100, 2, '[\"IT\", \"UA\"]', 'abandoned', 0, '2025-10-10 07:20:55', '2025-10-10 07:23:02'),
(73, 27, 'easy', 65, 49, 'AF', 19, 100, 0, '[]', 'abandoned', 0, '2025-10-24 10:49:41', '2025-10-24 11:09:31'),
(74, 33, 'easy', 57, 110, 'AU', 57, 100, 0, '[]', 'active', 0, '2025-12-02 13:36:41', NULL),
(75, 33, 'easy', 112, 14, 'DE', 19, 100, 0, '[]', 'active', 0, '2025-12-02 13:37:45', NULL),
(76, 33, 'easy', 101, 8, 'BY', 4, 60, 7, '[\"AD\", \"AT\", \"BG\", \"LK\"]', 'active', 0, '2025-12-02 13:38:32', NULL),
(77, 34, 'hard', 83, 62, 'JP', 19, 100, 0, '[]', 'active', 0, '2025-12-02 14:32:57', NULL),
(78, 33, 'hard', 102, 112, 'FJ', 5, 70, 18, '[\"AT\", \"BY\", \"CH\", \"AD\", \"BA\"]', 'lost', 0, '2025-12-02 14:45:29', '2025-12-02 15:03:22'),
(79, 33, 'hard', 110, 34, 'MT', 9, 70, 2, '[\"BY\", \"CH\"]', 'active', 0, '2025-12-03 12:02:04', NULL),
(80, 33, 'hard', 102, 71, 'MN', 14, 70, 5, '[\"CH\", \"CZ\", \"DE\"]', 'active', 0, '2025-12-03 12:46:20', NULL),
(81, 35, 'medium', 37, 59, 'IQ', 37, 100, 0, '[]', 'active', 0, '2025-12-03 13:00:08', NULL),
(82, 35, 'medium', 78, 81, 'TR', 78, 100, 0, '[]', 'active', 0, '2025-12-03 13:03:10', NULL),
(83, 1, 'medium', 53, 72, 'MY', 53, 100, 0, '[]', 'active', 0, '2025-12-03 13:13:24', NULL),
(84, 36, 'hard', 47, 59, 'IQ', 47, 100, 0, '[]', 'active', 0, '2025-12-03 13:14:19', NULL),
(85, 37, 'medium', 16, 13, 'DE', 16, 100, 0, '[]', 'active', 0, '2025-12-03 13:16:40', NULL);

-- --------------------------------------------------------

--
-- Table structure for table `multiple_choice_answer`
--

CREATE TABLE `multiple_choice_answer` (
  `id` int(11) NOT NULL,
  `question_id` int(11) NOT NULL,
  `answer` varchar(255) NOT NULL,
  `is_correct` tinyint(1) DEFAULT NULL,
  `created_at` timestamp NOT NULL DEFAULT current_timestamp()
) ENGINE=InnoDB DEFAULT CHARSET=utf8mb4 COLLATE=utf8mb4_unicode_ci;

--
-- Dumping data for table `multiple_choice_answer`
--

INSERT INTO `multiple_choice_answer` (`id`, `question_id`, `answer`, `is_correct`, `created_at`) VALUES
(1, 1, '7', 1, '2025-10-07 14:20:30'),
(2, 1, '6', 0, '2025-10-07 14:20:30'),
(3, 1, '5', 0, '2025-10-07 14:20:30'),
(4, 1, '8', 0, '2025-10-07 14:20:30'),
(5, 2, 'Mars', 0, '2025-10-07 14:20:30'),
(6, 2, 'Venus', 0, '2025-10-07 14:20:30'),
(7, 2, 'Earth', 1, '2025-10-07 14:20:30'),
(8, 2, 'Jupiter', 0, '2025-10-07 14:20:30'),
(9, 3, 'Honey', 1, '2025-10-07 14:20:30'),
(10, 3, 'Bread', 0, '2025-10-07 14:20:30'),
(11, 3, 'Silk', 0, '2025-10-07 14:20:30'),
(12, 3, 'Plastic', 0, '2025-10-07 14:20:30'),
(13, 4, 'Salt', 0, '2025-10-07 14:20:30'),
(14, 4, 'Water', 1, '2025-10-07 14:20:30'),
(15, 4, 'Sugar', 0, '2025-10-07 14:20:30'),
(16, 4, 'Oxygen', 0, '2025-10-07 14:20:30'),
(17, 5, 'East', 1, '2025-10-07 14:20:30'),
(18, 5, 'North', 0, '2025-10-07 14:20:30'),
(19, 5, 'South', 0, '2025-10-07 14:20:30'),
(20, 5, 'West', 0, '2025-10-07 14:20:30'),
(21, 6, 'Atlantic Ocean', 0, '2025-10-07 14:20:30'),
(22, 6, 'Indian Ocean', 0, '2025-10-07 14:20:30'),
(23, 6, 'Arctic Ocean', 0, '2025-10-07 14:20:30'),
(24, 6, 'Pacific Ocean', 1, '2025-10-07 14:20:30'),
(25, 7, '26', 1, '2025-10-07 14:20:30'),
(26, 7, '25', 0, '2025-10-07 14:20:30'),
(27, 7, '27', 0, '2025-10-07 14:20:30'),
(28, 7, '24', 0, '2025-10-07 14:20:30'),
(29, 8, '22', 0, '2025-10-07 14:20:30'),
(30, 8, '24', 0, '2025-10-07 14:20:30'),
(31, 8, '21', 0, '2025-10-07 14:20:30'),
(32, 8, '23', 1, '2025-10-07 14:20:30'),
(33, 9, 'Nitrogen', 0, '2025-10-07 14:20:30'),
(34, 9, 'Oxygen', 1, '2025-10-07 14:20:30'),
(35, 9, 'Helium', 0, '2025-10-07 14:20:30'),
(36, 9, 'Carbon dioxide', 0, '2025-10-07 14:20:30'),
(37, 10, 'Violin', 0, '2025-10-07 14:20:30'),
(38, 10, 'Drum', 0, '2025-10-07 14:20:30'),
(39, 10, 'Flute', 0, '2025-10-07 14:20:30'),
(40, 10, 'Piano', 1, '2025-10-07 14:20:30'),
(41, 11, 'Sodium', 0, '2025-10-07 14:20:30'),
(42, 11, 'Aluminum', 0, '2025-10-07 14:20:30'),
(43, 11, 'Mercury', 1, '2025-10-07 14:20:30'),
(44, 11, 'Iron', 0, '2025-10-07 14:20:30'),
(45, 12, 'Liver', 1, '2025-10-07 14:20:30'),
(46, 12, 'Kidney', 0, '2025-10-07 14:20:30'),
(47, 12, 'Lungs', 0, '2025-10-07 14:20:30'),
(48, 12, 'Heart', 0, '2025-10-07 14:20:30'),
(49, 13, '32', 1, '2025-10-07 14:20:30'),
(50, 13, '28', 0, '2025-10-07 14:20:30'),
(51, 13, '30', 0, '2025-10-07 14:20:30'),
(52, 13, '36', 0, '2025-10-07 14:20:30'),
(53, 14, 'Na', 1, '2025-10-07 14:20:30'),
(54, 14, 'So', 0, '2025-10-07 14:20:30'),
(55, 14, 'S', 0, '2025-10-07 14:20:30'),
(56, 14, 'Sb', 0, '2025-10-07 14:20:30'),
(57, 15, 'Helsinki', 0, '2025-10-07 14:20:30'),
(58, 15, 'Copenhagen', 0, '2025-10-07 14:20:30'),
(59, 15, 'Reykjavik', 1, '2025-10-07 14:20:30'),
(60, 15, 'Oslo', 0, '2025-10-07 14:20:30'),
(61, 16, 'Pluto', 1, '2025-10-07 14:20:30'),
(62, 16, 'Snoopy', 0, '2025-10-07 14:20:30'),
(63, 16, 'Goofy', 0, '2025-10-07 14:20:30'),
(64, 16, 'Donald', 0, '2025-10-07 14:20:30'),
(65, 17, 'Durmstrang', 0, '2025-10-07 14:20:30'),
(66, 17, 'Hogwarts', 1, '2025-10-07 14:20:30'),
(67, 17, 'Ilvermorny', 0, '2025-10-07 14:20:30'),
(68, 17, 'Beauxbatons', 0, '2025-10-07 14:20:30'),
(69, 18, 'Superman', 0, '2025-10-07 14:20:30'),
(70, 18, 'Batman', 1, '2025-10-07 14:20:30'),
(71, 18, 'Iron Man', 0, '2025-10-07 14:20:30'),
(72, 18, 'Spider-Man', 0, '2025-10-07 14:20:30'),
(73, 19, 'Rex', 0, '2025-10-07 14:20:30'),
(74, 19, 'Woody', 1, '2025-10-07 14:20:30'),
(75, 19, 'Buzz', 0, '2025-10-07 14:20:30'),
(76, 19, 'Jessie', 0, '2025-10-07 14:20:30'),
(77, 20, 'Ariel', 0, '2025-10-07 14:20:30'),
(78, 20, 'Cinderella', 1, '2025-10-07 14:20:30'),
(79, 20, 'Belle', 0, '2025-10-07 14:20:30'),
(80, 20, 'Snow White', 0, '2025-10-07 14:20:30'),
(81, 21, 'The Beatles', 1, '2025-10-07 14:20:30'),
(82, 21, 'Queen', 0, '2025-10-07 14:20:30'),
(83, 21, 'Pink Floyd', 0, '2025-10-07 14:20:30'),
(84, 21, 'The Rolling Stones', 0, '2025-10-07 14:20:30'),
(85, 22, 'Peter Jackson', 0, '2025-10-07 14:20:30'),
(86, 22, 'Steven Spielberg', 1, '2025-10-07 14:20:30'),
(87, 22, 'George Lucas', 0, '2025-10-07 14:20:30'),
(88, 22, 'James Cameron', 0, '2025-10-07 14:20:30'),
(89, 23, 'Han Solo', 0, '2025-10-07 14:20:30'),
(90, 23, 'Anakin Skywalker', 1, '2025-10-07 14:20:30'),
(91, 23, 'Luke Skywalker', 0, '2025-10-07 14:20:30'),
(92, 23, 'Ben Kenobi', 0, '2025-10-07 14:20:30'),
(93, 24, 'Joker', 0, '2025-10-07 14:20:30'),
(94, 24, '1917', 0, '2025-10-07 14:20:30'),
(95, 24, 'Ford v Ferrari', 0, '2025-10-07 14:20:30'),
(96, 24, 'Parasite', 1, '2025-10-07 14:20:30'),
(97, 25, 'Madonna', 1, '2025-10-07 14:20:30'),
(98, 25, 'Lady Gaga', 0, '2025-10-07 14:20:30'),
(99, 25, 'Taylor Swift', 0, '2025-10-07 14:20:30'),
(100, 25, 'Beyoncé', 0, '2025-10-07 14:20:30'),
(101, 26, 'Tom Cruise', 0, '2025-10-07 14:20:30'),
(102, 26, 'Brad Pitt', 0, '2025-10-07 14:20:30'),
(103, 26, 'Johnny Depp', 0, '2025-10-07 14:20:30'),
(104, 26, 'Leonardo DiCaprio', 1, '2025-10-07 14:20:30'),
(105, 27, 'Arendelle', 1, '2025-10-07 14:20:30'),
(106, 27, 'Narnia', 0, '2025-10-07 14:20:30'),
(107, 27, 'Westeros', 0, '2025-10-07 14:20:30'),
(108, 27, 'Atlantis', 0, '2025-10-07 14:20:30'),
(109, 28, 'Green pill', 0, '2025-10-07 14:20:30'),
(110, 28, 'Red pill', 1, '2025-10-07 14:20:30'),
(111, 28, 'Blue pill', 0, '2025-10-07 14:20:30'),
(112, 28, 'Yellow pill', 0, '2025-10-07 14:20:30'),
(113, 29, 'J.R.R. Tolkien', 0, '2025-10-07 14:20:30'),
(114, 29, 'J.K. Rowling', 0, '2025-10-07 14:20:30'),
(115, 29, 'George R.R. Martin', 1, '2025-10-07 14:20:30'),
(116, 29, 'Stephen King', 0, '2025-10-07 14:20:30'),
(117, 30, 'Minecraft', 1, '2025-10-07 14:20:30'),
(118, 30, 'Grand Theft Auto V', 0, '2025-10-07 14:20:30'),
(119, 30, 'Tetris', 0, '2025-10-07 14:20:30'),
(120, 30, 'Wii Sports', 0, '2025-10-07 14:20:30'),
(121, 31, 'Rome', 0, '2025-10-07 14:20:30'),
(122, 31, 'Madrid', 0, '2025-10-07 14:20:30'),
(123, 31, 'Berlin', 0, '2025-10-07 14:20:30'),
(124, 31, 'Paris', 1, '2025-10-07 14:20:30'),
(125, 32, 'Canada', 0, '2025-10-07 14:20:30'),
(126, 32, 'UK', 0, '2025-10-07 14:20:30'),
(127, 32, 'USA', 0, '2025-10-07 14:20:30'),
(128, 32, 'Australia', 1, '2025-10-07 14:20:30'),
(129, 33, 'Asia', 0, '2025-10-07 14:20:30'),
(130, 33, 'Europe', 0, '2025-10-07 14:20:30'),
(131, 33, 'South America', 0, '2025-10-07 14:20:30'),
(132, 33, 'Africa', 1, '2025-10-07 14:20:30'),
(133, 34, 'Europe', 0, '2025-10-07 14:20:30'),
(134, 34, 'Antarctica', 0, '2025-10-07 14:20:30'),
(135, 34, 'Asia', 1, '2025-10-07 14:20:30'),
(136, 34, 'Africa', 0, '2025-10-07 14:20:30'),
(137, 35, 'Japan', 1, '2025-10-07 14:20:30'),
(138, 35, 'South Korea', 0, '2025-10-07 14:20:30'),
(139, 35, 'China', 0, '2025-10-07 14:20:30'),
(140, 35, 'Thailand', 0, '2025-10-07 14:20:30'),
(141, 36, 'Amazon', 0, '2025-10-07 14:20:30'),
(142, 36, 'Yangtze', 0, '2025-10-07 14:20:30'),
(143, 36, 'Danube', 0, '2025-10-07 14:20:30'),
(144, 36, 'Nile', 1, '2025-10-07 14:20:30'),
(145, 37, 'Kangchenjunga', 0, '2025-10-07 14:20:30'),
(146, 37, 'K2', 0, '2025-10-07 14:20:30'),
(147, 37, 'Lhotse', 0, '2025-10-07 14:20:30'),
(148, 37, 'Mount Everest', 1, '2025-10-07 14:20:30'),
(149, 38, 'Sahara', 1, '2025-10-07 14:20:30'),
(150, 38, 'Gobi', 0, '2025-10-07 14:20:30'),
(151, 38, 'Mojave', 0, '2025-10-07 14:20:30'),
(152, 38, 'Kalahari', 0, '2025-10-07 14:20:30'),
(153, 39, 'Ottawa', 1, '2025-10-07 14:20:30'),
(154, 39, 'Toronto', 0, '2025-10-07 14:20:30'),
(155, 39, 'Vancouver', 0, '2025-10-07 14:20:30'),
(156, 39, 'Montreal', 0, '2025-10-07 14:20:30'),
(157, 40, 'Baltic Sea', 0, '2025-10-07 14:20:30'),
(158, 40, 'Mediterranean Sea', 1, '2025-10-07 14:20:30'),
(159, 40, 'Red Sea', 0, '2025-10-07 14:20:30'),
(160, 40, 'Black Sea', 0, '2025-10-07 14:20:30'),
(161, 41, 'Nepal', 1, '2025-10-07 14:20:30'),
(162, 41, 'Vietnam', 0, '2025-10-07 14:20:30'),
(163, 41, 'Norway', 0, '2025-10-07 14:20:30'),
(164, 41, 'Chile', 0, '2025-10-07 14:20:30'),
(165, 42, 'South Africa', 1, '2025-10-07 14:20:30'),
(166, 42, 'India', 0, '2025-10-07 14:20:30'),
(167, 42, 'Canada', 0, '2025-10-07 14:20:30'),
(168, 42, 'Switzerland', 0, '2025-10-07 14:20:30'),
(169, 43, 'Venice', 1, '2025-10-07 14:20:30'),
(170, 43, 'Florence', 0, '2025-10-07 14:20:30'),
(171, 43, 'Rome', 0, '2025-10-07 14:20:30'),
(172, 43, 'Milan', 0, '2025-10-07 14:20:30'),
(173, 44, 'France', 0, '2025-10-07 14:20:30'),
(174, 44, 'Poland', 0, '2025-10-07 14:20:30'),
(175, 44, 'Spain', 1, '2025-10-07 14:20:30'),
(176, 44, 'Czechia', 0, '2025-10-07 14:20:30'),
(177, 45, 'Montreal', 0, '2025-10-07 14:20:30'),
(178, 45, 'Ottawa', 1, '2025-10-07 14:20:30'),
(179, 45, 'Toronto', 0, '2025-10-07 14:20:30'),
(180, 45, 'Vancouver', 0, '2025-10-07 14:20:30'),
(181, 46, 'Tiny', 0, '2025-10-07 14:20:30'),
(182, 46, 'Large', 1, '2025-10-07 14:20:30'),
(183, 46, 'Narrow', 0, '2025-10-07 14:20:30'),
(184, 46, 'Weak', 0, '2025-10-07 14:20:30'),
(185, 47, 'Mouse', 0, '2025-10-07 14:20:30'),
(186, 47, 'Mouses', 0, '2025-10-07 14:20:30'),
(187, 47, 'Mices', 0, '2025-10-07 14:20:30'),
(188, 47, 'Mice', 1, '2025-10-07 14:20:30'),
(189, 48, 'Because', 1, '2025-10-07 14:20:30'),
(190, 48, 'Becouse', 0, '2025-10-07 14:20:30'),
(191, 48, 'Becauss', 0, '2025-10-07 14:20:30'),
(192, 48, 'Becaussse', 0, '2025-10-07 14:20:30'),
(193, 49, 'Cold', 1, '2025-10-07 14:20:30'),
(194, 49, 'Heat', 0, '2025-10-07 14:20:30'),
(195, 49, 'Warm', 0, '2025-10-07 14:20:30'),
(196, 49, 'Boiling', 0, '2025-10-07 14:20:30'),
(197, 50, 'Run', 0, '2025-10-07 14:20:30'),
(198, 50, 'Happiness', 1, '2025-10-07 14:20:30'),
(199, 50, 'Quickly', 0, '2025-10-07 14:20:30'),
(200, 50, 'Blue', 0, '2025-10-07 14:20:30'),
(201, 51, 'A word that rhymes', 0, '2025-10-07 14:20:30'),
(202, 51, 'A word that reads the same backward and forward', 1, '2025-10-07 14:20:30'),
(203, 51, 'A very long word', 0, '2025-10-07 14:20:30'),
(204, 51, 'A word with silent letters', 0, '2025-10-07 14:20:30'),
(205, 52, 'Sue', 0, '2025-10-07 14:20:30'),
(206, 52, 'Say', 0, '2025-10-07 14:20:30'),
(207, 52, 'See', 1, '2025-10-07 14:20:30'),
(208, 52, 'Sew', 0, '2025-10-07 14:20:30'),
(209, 53, 'Verbose', 0, '2025-10-07 14:20:30'),
(210, 53, 'Confused', 0, '2025-10-07 14:20:30'),
(211, 53, 'Concise', 1, '2025-10-07 14:20:30'),
(212, 53, 'Vague', 0, '2025-10-07 14:20:30'),
(213, 54, 'A word made from two words', 1, '2025-10-07 14:20:30'),
(214, 54, 'A word with two meanings', 0, '2025-10-07 14:20:30'),
(215, 54, 'A foreign word', 0, '2025-10-07 14:20:30'),
(216, 54, 'A scientific term', 0, '2025-10-07 14:20:30'),
(217, 55, 'less', 0, '2025-10-07 14:20:30'),
(218, 55, 'hood', 1, '2025-10-07 14:20:30'),
(219, 55, 'ful', 0, '2025-10-07 14:20:30'),
(220, 55, 'ness', 0, '2025-10-07 14:20:30'),
(221, 56, 'Audible', 1, '2025-10-07 14:20:30'),
(222, 56, 'Edible', 0, '2025-10-07 14:20:30'),
(223, 56, 'Visible', 0, '2025-10-07 14:20:30'),
(224, 56, 'Tangible', 0, '2025-10-07 14:20:30'),
(225, 57, 'Sparse', 0, '2025-10-07 14:20:30'),
(226, 57, 'Rare', 0, '2025-10-07 14:20:30'),
(227, 57, 'Scarce', 0, '2025-10-07 14:20:30'),
(228, 57, 'Plentiful', 1, '2025-10-07 14:20:30'),
(229, 58, 'Water', 0, '2025-10-07 14:20:30'),
(230, 58, 'Air', 0, '2025-10-07 14:20:30'),
(231, 58, 'Life', 1, '2025-10-07 14:20:30'),
(232, 58, 'Earth', 0, '2025-10-07 14:20:30'),
(233, 59, 'I brought a jacket; because it might rain.', 0, '2025-10-07 14:20:30'),
(234, 59, 'I; brought a jacket might rain.', 0, '2025-10-07 14:20:30'),
(235, 59, 'I brought a jacket; it might rain.', 1, '2025-10-07 14:20:30'),
(236, 59, 'I brought; a jacket it might rain.', 0, '2025-10-07 14:20:30'),
(237, 60, 'A type of pun', 0, '2025-10-07 14:20:30'),
(238, 60, 'A phrase combining opposites', 1, '2025-10-07 14:20:30'),
(239, 60, 'A word with many meanings', 0, '2025-10-07 14:20:30'),
(240, 60, 'A very old saying', 0, '2025-10-07 14:20:30'),
(241, 61, 'Friction', 0, '2025-10-07 14:20:30'),
(242, 61, 'Electricity', 0, '2025-10-07 14:20:30'),
(243, 61, 'Gravity', 1, '2025-10-07 14:20:30'),
(244, 61, 'Magnetism', 0, '2025-10-07 14:20:30'),
(245, 62, 'Carnivores', 0, '2025-10-07 14:20:30'),
(246, 62, 'Omnivores', 0, '2025-10-07 14:20:30'),
(247, 62, 'Detritivores', 0, '2025-10-07 14:20:30'),
(248, 62, 'Herbivores', 1, '2025-10-07 14:20:30'),
(249, 63, '9', 0, '2025-10-07 14:20:30'),
(250, 63, '7', 0, '2025-10-07 14:20:30'),
(251, 63, '8', 1, '2025-10-07 14:20:30'),
(252, 63, '10', 0, '2025-10-07 14:20:30'),
(253, 64, 'Flower', 0, '2025-10-07 14:20:30'),
(254, 64, 'Stem', 0, '2025-10-07 14:20:30'),
(255, 64, 'Root', 0, '2025-10-07 14:20:30'),
(256, 64, 'Leaf', 1, '2025-10-07 14:20:30'),
(257, 65, 'Carbon dioxide', 0, '2025-10-07 14:20:30'),
(258, 65, 'Hydrogen', 0, '2025-10-07 14:20:30'),
(259, 65, 'Oxygen', 1, '2025-10-07 14:20:30'),
(260, 65, 'Helium', 0, '2025-10-07 14:20:30'),
(261, 66, 'Nucleus', 1, '2025-10-07 14:20:30'),
(262, 66, 'Proton', 0, '2025-10-07 14:20:30'),
(263, 66, 'Electron', 0, '2025-10-07 14:20:30'),
(264, 66, 'Neutron', 0, '2025-10-07 14:20:30'),
(265, 67, 'The Moon', 0, '2025-10-07 14:20:30'),
(266, 67, 'Volcanoes', 0, '2025-10-07 14:20:30'),
(267, 67, 'Lightning', 0, '2025-10-07 14:20:30'),
(268, 67, 'The Sun', 1, '2025-10-07 14:20:30'),
(269, 68, 'Melting', 0, '2025-10-07 14:20:30'),
(270, 68, 'Condensation', 0, '2025-10-07 14:20:30'),
(271, 68, 'Freezing', 0, '2025-10-07 14:20:30'),
(272, 68, 'Evaporation', 1, '2025-10-07 14:20:30'),
(273, 69, 'Liver', 0, '2025-10-07 14:20:30'),
(274, 69, 'Lungs', 0, '2025-10-07 14:20:30'),
(275, 69, 'Heart', 1, '2025-10-07 14:20:30'),
(276, 69, 'Kidneys', 0, '2025-10-07 14:20:30'),
(277, 70, 'Microscope', 0, '2025-10-07 14:20:30'),
(278, 70, 'Compass', 0, '2025-10-07 14:20:30'),
(279, 70, 'Barometer', 0, '2025-10-07 14:20:30'),
(280, 70, 'Thermometer', 1, '2025-10-07 14:20:30'),
(281, 71, 'Transpiration', 0, '2025-10-07 14:20:30'),
(282, 71, 'Respiration', 0, '2025-10-07 14:20:30'),
(283, 71, 'Photosynthesis', 1, '2025-10-07 14:20:30'),
(284, 71, 'Fermentation', 0, '2025-10-07 14:20:30'),
(285, 72, 'Deoxyribose nitrogen acid', 0, '2025-10-07 14:20:30'),
(286, 72, 'Dinucleic acid', 0, '2025-10-07 14:20:30'),
(287, 72, 'Deoxyribonucleic acid', 1, '2025-10-07 14:20:30'),
(288, 72, 'Dioxygen nucleic acid', 0, '2025-10-07 14:20:30'),
(289, 73, 'Carbon dioxide', 0, '2025-10-07 14:20:30'),
(290, 73, 'Argon', 0, '2025-10-07 14:20:30'),
(291, 73, 'Nitrogen', 1, '2025-10-07 14:20:30'),
(292, 73, 'Oxygen', 0, '2025-10-07 14:20:30'),
(293, 74, '3,000 km/s', 0, '2025-10-07 14:20:30'),
(294, 74, '30,000 km/s', 0, '2025-10-07 14:20:30'),
(295, 74, '300,000 km/s', 1, '2025-10-07 14:20:30'),
(296, 74, '3,000,000 km/s', 0, '2025-10-07 14:20:30'),
(297, 75, 'Nucleus', 1, '2025-10-07 14:20:30'),
(298, 75, 'Golgi apparatus', 0, '2025-10-07 14:20:30'),
(299, 75, 'Ribosome', 0, '2025-10-07 14:20:30'),
(300, 75, 'Mitochondria', 0, '2025-10-07 14:20:30'),
(301, 76, 'Mayans', 0, '2025-10-07 14:20:30'),
(302, 76, 'Egyptians', 1, '2025-10-07 14:20:30'),
(303, 76, 'Greeks', 0, '2025-10-07 14:20:30'),
(304, 76, 'Romans', 0, '2025-10-07 14:20:30'),
(305, 77, 'Michael Collins', 0, '2025-10-07 14:20:30'),
(306, 77, 'Neil Armstrong', 1, '2025-10-07 14:20:30'),
(307, 77, 'Yuri Gagarin', 0, '2025-10-07 14:20:30'),
(308, 77, 'Buzz Aldrin', 0, '2025-10-07 14:20:30'),
(309, 78, 'Hadrian\'s Wall', 0, '2025-10-07 14:20:30'),
(310, 78, 'Berlin Wall', 0, '2025-10-07 14:20:30'),
(311, 78, 'Wailing Wall', 0, '2025-10-07 14:20:30'),
(312, 78, 'Great Wall', 1, '2025-10-07 14:20:30'),
(313, 79, 'Halloween', 1, '2025-10-07 14:20:30'),
(314, 79, 'Easter', 0, '2025-10-07 14:20:30'),
(315, 79, 'Ramadan', 0, '2025-10-07 14:20:30'),
(316, 79, 'Holi', 0, '2025-10-07 14:20:30'),
(317, 80, 'Japan', 1, '2025-10-07 14:20:30'),
(318, 80, 'India', 0, '2025-10-07 14:20:30'),
(319, 80, 'Egypt', 0, '2025-10-07 14:20:30'),
(320, 80, 'Greece', 0, '2025-10-07 14:20:30'),
(321, 81, 'Jane Austen', 0, '2025-10-07 14:20:30'),
(322, 81, 'William Shakespeare', 1, '2025-10-07 14:20:30'),
(323, 81, 'Mark Twain', 0, '2025-10-07 14:20:30'),
(324, 81, 'Charles Dickens', 0, '2025-10-07 14:20:30'),
(325, 82, 'Roman Empire', 1, '2025-10-07 14:20:30'),
(326, 82, 'Ottoman Empire', 0, '2025-10-07 14:20:30'),
(327, 82, 'British Empire', 0, '2025-10-07 14:20:30'),
(328, 82, 'Mongol Empire', 0, '2025-10-07 14:20:30'),
(329, 83, 'Latin', 0, '2025-10-07 14:20:30'),
(330, 83, 'Hebrew', 0, '2025-10-07 14:20:30'),
(331, 83, 'Greek', 1, '2025-10-07 14:20:30'),
(332, 83, 'Sanskrit', 0, '2025-10-07 14:20:30'),
(333, 84, 'Athens', 1, '2025-10-07 14:20:30'),
(334, 84, 'London', 0, '2025-10-07 14:20:30'),
(335, 84, 'Paris', 0, '2025-10-07 14:20:30'),
(336, 84, 'Rome', 0, '2025-10-07 14:20:30'),
(337, 85, 'Starry Night', 0, '2025-10-07 14:20:30'),
(338, 85, 'Girl with a Pearl Earring', 0, '2025-10-07 14:20:30'),
(339, 85, 'The Scream', 0, '2025-10-07 14:20:30'),
(340, 85, 'Mona Lisa', 1, '2025-10-07 14:20:30'),
(341, 86, 'Niels Bohr', 0, '2025-10-07 14:20:30'),
(342, 86, 'Isaac Newton', 0, '2025-10-07 14:20:30'),
(343, 86, 'Albert Einstein', 1, '2025-10-07 14:20:30'),
(344, 86, 'Galileo Galilei', 0, '2025-10-07 14:20:30'),
(345, 87, 'Bismarck', 0, '2025-10-07 14:20:30'),
(346, 87, 'Titanic', 1, '2025-10-07 14:20:30'),
(347, 87, 'Endeavour', 0, '2025-10-07 14:20:30'),
(348, 87, 'Lusitania', 0, '2025-10-07 14:20:30'),
(349, 88, 'Inca', 1, '2025-10-07 14:20:30'),
(350, 88, 'Aztec', 0, '2025-10-07 14:20:30'),
(351, 88, 'Maya', 0, '2025-10-07 14:20:30'),
(352, 88, 'Olmec', 0, '2025-10-07 14:20:30'),
(353, 89, 'Michelangelo', 1, '2025-10-07 14:20:30'),
(354, 89, 'Da Vinci', 0, '2025-10-07 14:20:30'),
(355, 89, 'Raphael', 0, '2025-10-07 14:20:30'),
(356, 89, 'Donatello', 0, '2025-10-07 14:20:30'),
(357, 90, 'Magna Carta', 0, '2025-10-07 14:20:30'),
(358, 90, 'Bill of Rights', 0, '2025-10-07 14:20:30'),
(359, 90, 'U.S. Constitution', 1, '2025-10-07 14:20:30'),
(360, 90, 'Declaration of Independence', 0, '2025-10-07 14:20:30'),
(361, 91, '11', 1, '2025-10-07 14:20:30'),
(362, 91, '12', 0, '2025-10-07 14:20:30'),
(363, 91, '10', 0, '2025-10-07 14:20:30'),
(364, 91, '9', 0, '2025-10-07 14:20:30'),
(365, 92, '4', 0, '2025-10-07 14:20:30'),
(366, 92, '2', 0, '2025-10-07 14:20:30'),
(367, 92, '1', 1, '2025-10-07 14:20:30'),
(368, 92, '3', 0, '2025-10-07 14:20:30'),
(369, 93, 'Squash', 0, '2025-10-07 14:20:30'),
(370, 93, 'Tennis', 0, '2025-10-07 14:20:30'),
(371, 93, 'Badminton', 1, '2025-10-07 14:20:30'),
(372, 93, 'Table tennis', 0, '2025-10-07 14:20:30'),
(373, 94, '2', 0, '2025-10-07 14:20:30'),
(374, 94, '4', 0, '2025-10-07 14:20:30'),
(375, 94, '3', 1, '2025-10-07 14:20:30'),
(376, 94, '5', 0, '2025-10-07 14:20:30'),
(377, 95, 'Yellow', 0, '2025-10-07 14:20:30'),
(378, 95, 'Green', 0, '2025-10-07 14:20:30'),
(379, 95, 'Blue', 0, '2025-10-07 14:20:30'),
(380, 95, 'Red', 1, '2025-10-07 14:20:30'),
(381, 96, '4', 0, '2025-10-07 14:20:30'),
(382, 96, '7', 0, '2025-10-07 14:20:30'),
(383, 96, '5', 1, '2025-10-07 14:20:30'),
(384, 96, '6', 0, '2025-10-07 14:20:30'),
(385, 97, 'Game point', 0, '2025-10-07 14:20:30'),
(386, 97, 'Deuce', 0, '2025-10-07 14:20:30'),
(387, 97, 'Zero points', 1, '2025-10-07 14:20:30'),
(388, 97, 'One point', 0, '2025-10-07 14:20:30'),
(389, 98, 'Thailand', 0, '2025-10-07 14:20:30'),
(390, 98, 'China', 0, '2025-10-07 14:20:30'),
(391, 98, 'Korea', 0, '2025-10-07 14:20:30'),
(392, 98, 'Japan', 1, '2025-10-07 14:20:30'),
(393, 99, '7', 0, '2025-10-07 14:20:30'),
(394, 99, '10', 0, '2025-10-07 14:20:30'),
(395, 99, '9', 1, '2025-10-07 14:20:30'),
(396, 99, '8', 0, '2025-10-07 14:20:30'),
(397, 100, 'Ice hockey', 1, '2025-10-07 14:20:30'),
(398, 100, 'Swimming', 0, '2025-10-07 14:20:30'),
(399, 100, 'Basketball', 0, '2025-10-07 14:20:30'),
(400, 100, 'Golf', 0, '2025-10-07 14:20:30'),
(401, 101, '1', 0, '2025-10-07 14:20:30'),
(402, 101, '3', 0, '2025-10-07 14:20:30'),
(403, 101, '2', 1, '2025-10-07 14:20:30'),
(404, 101, '5', 0, '2025-10-07 14:20:30'),
(405, 102, '40', 0, '2025-10-07 14:20:30'),
(406, 102, '50', 0, '2025-10-07 14:20:30'),
(407, 102, '42.195', 1, '2025-10-07 14:20:30'),
(408, 102, '45', 0, '2025-10-07 14:20:30'),
(409, 103, '5', 1, '2025-10-07 14:20:30'),
(410, 103, '4', 0, '2025-10-07 14:20:30'),
(411, 103, '3', 0, '2025-10-07 14:20:30'),
(412, 103, '6', 0, '2025-10-07 14:20:30'),
(413, 104, 'Brazil', 1, '2025-10-07 14:20:30'),
(414, 104, 'Argentina', 0, '2025-10-07 14:20:30'),
(415, 104, 'Italy', 0, '2025-10-07 14:20:30'),
(416, 104, 'Germany', 0, '2025-10-07 14:20:30'),
(417, 105, 'Queen', 0, '2025-10-07 14:20:30'),
(418, 105, 'Knight', 1, '2025-10-07 14:20:30'),
(419, 105, 'Rook', 0, '2025-10-07 14:20:30'),
(420, 105, 'Bishop', 0, '2025-10-07 14:20:30'),
(421, 106, 'World Wide Web', 1, '2025-10-07 14:20:30'),
(422, 106, 'World Web Wide', 0, '2025-10-07 14:20:30'),
(423, 106, 'Wide Web World', 0, '2025-10-07 14:20:30'),
(424, 106, 'Web Wide World', 0, '2025-10-07 14:20:30'),
(425, 107, 'Mouse pad', 0, '2025-10-07 14:20:30'),
(426, 107, 'Monitor', 0, '2025-10-07 14:20:30'),
(427, 107, 'Keyboard', 1, '2025-10-07 14:20:30'),
(428, 107, 'Speaker', 0, '2025-10-07 14:20:30'),
(429, 108, 'A cloud', 0, '2025-10-07 14:20:30'),
(430, 108, 'A printer', 0, '2025-10-07 14:20:30'),
(431, 108, 'A floppy disk', 1, '2025-10-07 14:20:30'),
(432, 108, 'A folder', 0, '2025-10-07 14:20:30'),
(433, 109, 'Ctrl+C', 1, '2025-10-07 14:20:30'),
(434, 109, 'Ctrl+Z', 0, '2025-10-07 14:20:30'),
(435, 109, 'Ctrl+V', 0, '2025-10-07 14:20:30'),
(436, 109, 'Ctrl+X', 0, '2025-10-07 14:20:30'),
(437, 110, 'Scanner', 0, '2025-10-07 14:20:30'),
(438, 110, 'Mouse', 1, '2025-10-07 14:20:30'),
(439, 110, 'Router', 0, '2025-10-07 14:20:30'),
(440, 110, 'Projector', 0, '2025-10-07 14:20:30'),
(441, 111, 'Core Processing Utility', 0, '2025-10-07 14:20:30'),
(442, 111, 'Central Program Unit', 0, '2025-10-07 14:20:30'),
(443, 111, 'Computer Personal Unit', 0, '2025-10-07 14:20:30'),
(444, 111, 'Central Processing Unit', 1, '2025-10-07 14:20:30'),
(445, 112, 'Uniform Resource Locator', 1, '2025-10-07 14:20:30'),
(446, 112, 'Universal Resource Link', 0, '2025-10-07 14:20:30'),
(447, 112, 'Unified Routing Locator', 0, '2025-10-07 14:20:30'),
(448, 112, 'Uniform Reference Link', 0, '2025-10-07 14:20:30'),
(449, 113, '8 and 9', 0, '2025-10-07 14:20:30'),
(450, 113, '2 and 3', 0, '2025-10-07 14:20:30'),
(451, 113, '1 and 2', 0, '2025-10-07 14:20:30'),
(452, 113, '0 and 1', 1, '2025-10-07 14:20:30'),
(453, 114, 'Freeware', 0, '2025-10-07 14:20:30'),
(454, 114, 'Firmware', 0, '2025-10-07 14:20:30'),
(455, 114, 'Shareware', 0, '2025-10-07 14:20:30'),
(456, 114, 'Malware', 1, '2025-10-07 14:20:30'),
(457, 115, 'Google', 1, '2025-10-07 14:20:30'),
(458, 115, 'Microsoft', 0, '2025-10-07 14:20:30'),
(459, 115, 'Apple', 0, '2025-10-07 14:20:30'),
(460, 115, 'IBM', 0, '2025-10-07 14:20:30'),
(461, 116, 'Hyperlink Text Marking Language', 0, '2025-10-07 14:20:30'),
(462, 116, 'HyperText Markup Language', 1, '2025-10-07 14:20:30'),
(463, 116, 'HighText Markdown Language', 0, '2025-10-07 14:20:30'),
(464, 116, 'Hyper Tool Markup Language', 0, '2025-10-07 14:20:30'),
(465, 117, 'Rendering', 0, '2025-10-07 14:20:30'),
(466, 117, 'Caching', 0, '2025-10-07 14:20:30'),
(467, 117, 'Compiling', 0, '2025-10-07 14:20:30'),
(468, 117, 'Routing', 1, '2025-10-07 14:20:30'),
(469, 118, 'Universal Standard Base', 0, '2025-10-07 14:20:30'),
(470, 118, 'Universal System Bus', 0, '2025-10-07 14:20:30'),
(471, 118, 'Unified Serial Bridge', 0, '2025-10-07 14:20:30'),
(472, 118, 'Universal Serial Bus', 1, '2025-10-07 14:20:30'),
(473, 119, 'RAM', 0, '2025-10-07 14:20:30'),
(474, 119, 'Registers', 0, '2025-10-07 14:20:30'),
(475, 119, 'Cache', 0, '2025-10-07 14:20:30'),
(476, 119, 'SSD', 1, '2025-10-07 14:20:30'),
(477, 120, 'SMTP', 0, '2025-10-07 14:20:30'),
(478, 120, 'HTTP', 0, '2025-10-07 14:20:30'),
(479, 120, 'HTTPS', 1, '2025-10-07 14:20:30'),
(480, 120, 'FTP', 0, '2025-10-07 14:20:30'),
(481, 121, 'Giraffe', 0, '2025-10-07 14:20:30'),
(482, 121, 'Hippo', 0, '2025-10-07 14:20:30'),
(483, 121, 'Rhino', 0, '2025-10-07 14:20:30'),
(484, 121, 'Elephant', 1, '2025-10-07 14:20:30'),
(485, 122, 'Chameleon', 1, '2025-10-07 14:20:30'),
(486, 122, 'Zebra', 0, '2025-10-07 14:20:30'),
(487, 122, 'Koala', 0, '2025-10-07 14:20:30'),
(488, 122, 'Lion', 0, '2025-10-07 14:20:30'),
(489, 123, 'Cat', 1, '2025-10-07 14:20:30'),
(490, 123, 'Sheep', 0, '2025-10-07 14:20:30'),
(491, 123, 'Cow', 0, '2025-10-07 14:20:30'),
(492, 123, 'Dog', 0, '2025-10-07 14:20:30'),
(493, 124, 'Desert', 1, '2025-10-07 14:20:30'),
(494, 124, 'Rainforest', 0, '2025-10-07 14:20:30'),
(495, 124, 'Tundra', 0, '2025-10-07 14:20:30'),
(496, 124, 'Ocean', 0, '2025-10-07 14:20:30'),
(497, 125, 'Eagle', 0, '2025-10-07 14:20:30'),
(498, 125, 'Swan', 0, '2025-10-07 14:20:30'),
(499, 125, 'Sparrow', 0, '2025-10-07 14:20:30'),
(500, 125, 'Ostrich', 1, '2025-10-07 14:20:30'),
(501, 126, 'Leopard', 0, '2025-10-07 14:20:30'),
(502, 126, 'Horse', 0, '2025-10-07 14:20:30'),
(503, 126, 'Cheetah', 1, '2025-10-07 14:20:30'),
(504, 126, 'Lion', 0, '2025-10-07 14:20:30'),
(505, 127, 'Predators', 0, '2025-10-07 14:20:30'),
(506, 127, 'Migrators', 0, '2025-10-07 14:20:30'),
(507, 127, 'Hibernators', 1, '2025-10-07 14:20:30'),
(508, 127, 'Nocturnals', 0, '2025-10-07 14:20:30'),
(509, 128, 'Seeds', 0, '2025-10-07 14:20:30'),
(510, 128, 'Leaves', 0, '2025-10-07 14:20:30'),
(511, 128, 'Roots', 1, '2025-10-07 14:20:30'),
(512, 128, 'Flowers', 0, '2025-10-07 14:20:30'),
(513, 129, 'School', 0, '2025-10-07 14:20:30'),
(514, 129, 'Pack', 1, '2025-10-07 14:20:30'),
(515, 129, 'Swarm', 0, '2025-10-07 14:20:30'),
(516, 129, 'Flock', 0, '2025-10-07 14:20:30'),
(517, 130, 'Nitrogen', 0, '2025-10-07 14:20:30'),
(518, 130, 'Methane', 0, '2025-10-07 14:20:30'),
(519, 130, 'Oxygen', 0, '2025-10-07 14:20:30'),
(520, 130, 'Carbon dioxide', 1, '2025-10-07 14:20:30'),
(521, 131, 'Water', 0, '2025-10-07 14:20:30'),
(522, 131, 'Pollen', 0, '2025-10-07 14:20:30'),
(523, 131, 'Sap', 0, '2025-10-07 14:20:30'),
(524, 131, 'Nectar', 1, '2025-10-07 14:20:30'),
(525, 132, 'Giraffe', 1, '2025-10-07 14:20:30'),
(526, 132, 'Moose', 0, '2025-10-07 14:20:30'),
(527, 132, 'Camel', 0, '2025-10-07 14:20:30'),
(528, 132, 'Elephant', 0, '2025-10-07 14:20:30'),
(529, 133, 'Aphotic zone', 0, '2025-10-07 14:20:30'),
(530, 133, 'Hadal zone', 0, '2025-10-07 14:20:30'),
(531, 133, 'Photic zone', 1, '2025-10-07 14:20:30'),
(532, 133, 'Abyssal zone', 0, '2025-10-07 14:20:30'),
(533, 134, 'Nocturnal', 1, '2025-10-07 14:20:30'),
(534, 134, 'Diurnal', 0, '2025-10-07 14:20:30'),
(535, 134, 'Arboreal', 0, '2025-10-07 14:20:30'),
(536, 134, 'Crepuscular', 0, '2025-10-07 14:20:30'),
(537, 135, 'Temperate forest', 0, '2025-10-07 14:20:30'),
(538, 135, 'Savanna', 0, '2025-10-07 14:20:30'),
(539, 135, 'Tundra', 1, '2025-10-07 14:20:30'),
(540, 135, 'Taiga', 0, '2025-10-07 14:20:30'),
(541, 136, 'Korea', 0, '2025-10-07 14:20:30'),
(542, 136, 'China', 0, '2025-10-07 14:20:30'),
(543, 136, 'Thailand', 0, '2025-10-07 14:20:30'),
(544, 136, 'Japan', 1, '2025-10-07 14:20:30'),
(545, 137, 'Avocado', 1, '2025-10-07 14:20:30'),
(546, 137, 'Cucumber', 0, '2025-10-07 14:20:30'),
(547, 137, 'Potato', 0, '2025-10-07 14:20:30'),
(548, 137, 'Tomato', 0, '2025-10-07 14:20:30'),
(549, 138, 'Juice', 0, '2025-10-07 14:20:30'),
(550, 138, 'Soda', 0, '2025-10-07 14:20:30'),
(551, 138, 'Tea', 0, '2025-10-07 14:20:30'),
(552, 138, 'Wine', 1, '2025-10-07 14:20:30'),
(553, 139, 'Greece', 0, '2025-10-07 14:20:30'),
(554, 139, 'France', 0, '2025-10-07 14:20:30'),
(555, 139, 'Spain', 0, '2025-10-07 14:20:30'),
(556, 139, 'Italy', 1, '2025-10-07 14:20:30'),
(557, 140, 'Molasses', 0, '2025-10-07 14:20:30'),
(558, 140, 'Jam', 0, '2025-10-07 14:20:30'),
(559, 140, 'Honey', 1, '2025-10-07 14:20:30'),
(560, 140, 'Syrup', 0, '2025-10-07 14:20:30'),
(561, 141, 'Wheat', 1, '2025-10-07 14:20:30'),
(562, 141, 'Corn', 0, '2025-10-07 14:20:30'),
(563, 141, 'Barley', 0, '2025-10-07 14:20:30'),
(564, 141, 'Rice', 0, '2025-10-07 14:20:30'),
(565, 142, 'Milk', 0, '2025-10-07 14:20:30'),
(566, 142, 'Yogurt', 0, '2025-10-07 14:20:30'),
(567, 142, 'Butter', 1, '2025-10-07 14:20:30'),
(568, 142, 'Cheese', 0, '2025-10-07 14:20:30'),
(569, 143, 'Mango', 0, '2025-10-07 14:20:30'),
(570, 143, 'Durian', 1, '2025-10-07 14:20:30'),
(571, 143, 'Banana', 0, '2025-10-07 14:20:30'),
(572, 143, 'Pineapple', 0, '2025-10-07 14:20:30'),
(573, 144, 'Rice', 0, '2025-10-07 14:20:30'),
(574, 144, 'Almonds', 0, '2025-10-07 14:20:30'),
(575, 144, 'Soybeans', 1, '2025-10-07 14:20:30'),
(576, 144, 'Oats', 0, '2025-10-07 14:20:30'),
(577, 145, 'Lentils', 0, '2025-10-07 14:20:30'),
(578, 145, 'Beans', 0, '2025-10-07 14:20:30'),
(579, 145, 'Chickpeas', 1, '2025-10-07 14:20:30'),
(580, 145, 'Peas', 0, '2025-10-07 14:20:30'),
(581, 146, 'Leaf', 0, '2025-10-07 14:20:30'),
(582, 146, 'Stem', 0, '2025-10-07 14:20:30'),
(583, 146, 'Stigma', 1, '2025-10-07 14:20:30'),
(584, 146, 'Petal', 0, '2025-10-07 14:20:30'),
(585, 147, 'Vitamin K', 0, '2025-10-07 14:20:30'),
(586, 147, 'Vitamin A', 0, '2025-10-07 14:20:30'),
(587, 147, 'Vitamin C', 1, '2025-10-07 14:20:30'),
(588, 147, 'Vitamin D', 0, '2025-10-07 14:20:30'),
(589, 148, 'Mozzarella', 1, '2025-10-07 14:20:30'),
(590, 148, 'Parmesan', 0, '2025-10-07 14:20:30'),
(591, 148, 'Gouda', 0, '2025-10-07 14:20:30'),
(592, 148, 'Cheddar', 0, '2025-10-07 14:20:30'),
(593, 149, 'Gelato', 0, '2025-10-07 14:20:30'),
(594, 149, 'Panna cotta', 0, '2025-10-07 14:20:30'),
(595, 149, 'Tiramisu', 1, '2025-10-07 14:20:30'),
(596, 149, 'Cannoli', 0, '2025-10-07 14:20:30'),
(597, 150, 'Fish sauce', 0, '2025-10-07 14:20:30'),
(598, 150, 'Fermented soybean paste', 1, '2025-10-07 14:20:30'),
(599, 150, 'Rice vinegar', 0, '2025-10-07 14:20:30'),
(600, 150, 'Tomato paste', 0, '2025-10-07 14:20:30'),
(601, 151, 'Budapest', 1, '2025-10-07 14:20:30'),
(602, 151, 'Belgrade', 0, '2025-10-07 14:20:30'),
(603, 151, 'Bratislava', 0, '2025-10-07 14:20:30'),
(604, 151, 'Vienna', 0, '2025-10-07 14:20:30'),
(605, 152, 'Yellow', 1, '2025-10-07 14:20:30'),
(606, 152, 'Blue', 0, '2025-10-07 14:20:30'),
(607, 152, 'Green', 0, '2025-10-07 14:20:30'),
(608, 152, 'Red', 0, '2025-10-07 14:20:30'),
(609, 153, '3', 1, '2025-10-07 14:20:30'),
(610, 153, '4', 0, '2025-10-07 14:20:30'),
(611, 153, '5', 0, '2025-10-07 14:20:30'),
(612, 153, '6', 0, '2025-10-07 14:20:30'),
(613, 154, 'Octagon', 1, '2025-10-07 14:20:30'),
(614, 154, 'Hexagon', 0, '2025-10-07 14:20:30'),
(615, 154, 'Square', 0, '2025-10-07 14:20:30'),
(616, 154, 'Circle', 0, '2025-10-07 14:20:30'),
(617, 155, 'Summer', 1, '2025-10-07 14:20:30'),
(618, 155, 'Autumn', 0, '2025-10-07 14:20:30'),
(619, 155, 'Winter', 0, '2025-10-07 14:20:30'),
(620, 155, 'Monsoon', 0, '2025-10-07 14:20:30'),
(621, 156, 'Saturday', 1, '2025-10-07 14:20:30'),
(622, 156, 'Thursday', 0, '2025-10-07 14:20:30'),
(623, 156, 'Sunday', 0, '2025-10-07 14:20:30'),
(624, 156, 'Monday', 0, '2025-10-07 14:20:30'),
(625, 157, '8', 1, '2025-10-07 14:20:30'),
(626, 157, '6', 0, '2025-10-07 14:20:30'),
(627, 157, '10', 0, '2025-10-07 14:20:30'),
(628, 157, '12', 0, '2025-10-07 14:20:30'),
(629, 158, 'Dog', 1, '2025-10-07 14:20:30'),
(630, 158, 'Cat', 0, '2025-10-07 14:20:30'),
(631, 158, 'Horse', 0, '2025-10-07 14:20:30'),
(632, 158, 'Parrot', 0, '2025-10-07 14:20:30'),
(633, 159, '24', 1, '2025-10-07 14:20:30'),
(634, 159, '12', 0, '2025-10-07 14:20:30'),
(635, 159, '36', 0, '2025-10-07 14:20:30'),
(636, 159, '48', 0, '2025-10-07 14:20:30'),
(637, 160, 'Circle', 1, '2025-10-07 14:20:30'),
(638, 160, 'Triangle', 0, '2025-10-07 14:20:30'),
(639, 160, 'Square', 0, '2025-10-07 14:20:30'),
(640, 160, 'Pentagon', 0, '2025-10-07 14:20:30'),
(641, 161, 'Blue', 1, '2025-10-07 14:20:30'),
(642, 161, 'Green', 0, '2025-10-07 14:20:30'),
(643, 161, 'Red', 0, '2025-10-07 14:20:30'),
(644, 161, 'Yellow', 0, '2025-10-07 14:20:30'),
(645, 162, 'Apple', 1, '2025-10-07 14:20:30'),
(646, 162, 'Banana', 0, '2025-10-07 14:20:30'),
(647, 162, 'Orange', 0, '2025-10-07 14:20:30'),
(648, 162, 'Grape', 0, '2025-10-07 14:20:30'),
(649, 163, 'Down', 1, '2025-10-07 14:20:30'),
(650, 163, 'Over', 0, '2025-10-07 14:20:30'),
(651, 163, 'Around', 0, '2025-10-07 14:20:30'),
(652, 163, 'Left', 0, '2025-10-07 14:20:30'),
(653, 164, 'Cow', 1, '2025-10-07 14:20:30'),
(654, 164, 'Dog', 0, '2025-10-07 14:20:30'),
(655, 164, 'Sheep', 0, '2025-10-07 14:20:30'),
(656, 164, 'Cat', 0, '2025-10-07 14:20:30'),
(657, 165, '12', 1, '2025-10-07 14:20:30'),
(658, 165, '10', 0, '2025-10-07 14:20:30'),
(659, 165, '11', 0, '2025-10-07 14:20:30'),
(660, 165, '13', 0, '2025-10-07 14:20:30'),
(661, 166, 'Mercury', 1, '2025-10-07 14:20:30'),
(662, 166, 'Venus', 0, '2025-10-07 14:20:30'),
(663, 166, 'Earth', 0, '2025-10-07 14:20:30'),
(664, 166, 'Mars', 0, '2025-10-07 14:20:30'),
(665, 167, 'Temperature', 1, '2025-10-07 14:20:30'),
(666, 167, 'Weight', 0, '2025-10-07 14:20:30'),
(667, 167, 'Distance', 0, '2025-10-07 14:20:30'),
(668, 167, 'Speed', 0, '2025-10-07 14:20:30'),
(669, 168, 'Dog', 1, '2025-10-07 14:20:30'),
(670, 168, 'Cat', 0, '2025-10-07 14:20:30'),
(671, 168, 'Cow', 0, '2025-10-07 14:20:30'),
(672, 168, 'Sheep', 0, '2025-10-07 14:20:30'),
(673, 169, '2', 1, '2025-10-07 14:20:30'),
(674, 169, '1', 0, '2025-10-07 14:20:30'),
(675, 169, '3', 0, '2025-10-07 14:20:30'),
(676, 169, '4', 0, '2025-10-07 14:20:30'),
(677, 170, 'Circle', 1, '2025-10-07 14:20:30'),
(678, 170, 'Square', 0, '2025-10-07 14:20:30'),
(679, 170, 'Rectangle', 0, '2025-10-07 14:20:30'),
(680, 170, 'Triangle', 0, '2025-10-07 14:20:30'),
(681, 171, 'Lion', 1, '2025-10-07 14:20:30'),
(682, 171, 'Tiger', 0, '2025-10-07 14:20:30'),
(683, 171, 'Elephant', 0, '2025-10-07 14:20:30'),
(684, 171, 'Bear', 0, '2025-10-07 14:20:30'),
(685, 172, '2', 1, '2025-10-07 14:20:30'),
(686, 172, '1', 0, '2025-10-07 14:20:30'),
(687, 172, '3', 0, '2025-10-07 14:20:30'),
(688, 172, '4', 0, '2025-10-07 14:20:30'),
(689, 173, 'Leonardo da Vinci', 1, '2025-10-07 14:20:30'),
(690, 173, 'Michelangelo', 0, '2025-10-07 14:20:30'),
(691, 173, 'Vincent van Gogh', 0, '2025-10-07 14:20:30'),
(692, 173, 'Pablo Picasso', 0, '2025-10-07 14:20:30'),
(693, 174, 'Yen', 1, '2025-10-07 14:20:30'),
(694, 174, 'Dollar', 0, '2025-10-07 14:20:30'),
(695, 174, 'Pound', 0, '2025-10-07 14:20:30'),
(696, 174, 'Euro', 0, '2025-10-07 14:20:30'),
(697, 175, 'Au', 1, '2025-10-07 14:20:30'),
(698, 175, 'Ag', 0, '2025-10-07 14:20:30'),
(699, 175, 'Fe', 0, '2025-10-07 14:20:30'),
(700, 175, 'Pb', 0, '2025-10-07 14:20:30'),
(701, 176, 'Alexander Graham Bell', 1, '2025-10-07 14:20:30'),
(702, 176, 'Thomas Edison', 0, '2025-10-07 14:20:30'),
(703, 176, 'Nikola Tesla', 0, '2025-10-07 14:20:30'),
(704, 176, 'Isaac Newton', 0, '2025-10-07 14:20:30'),
(705, 177, 'Madrid', 1, '2025-10-07 14:20:30'),
(706, 177, 'Paris', 0, '2025-10-07 14:20:30'),
(707, 177, 'Berlin', 0, '2025-10-07 14:20:30'),
(708, 177, 'Rome', 0, '2025-10-07 14:20:30'),
(709, 178, '7', 1, '2025-10-07 14:20:30'),
(710, 178, '5', 0, '2025-10-07 14:20:30'),
(711, 178, '6', 0, '2025-10-07 14:20:30'),
(712, 178, '8', 0, '2025-10-07 14:20:30'),
(713, 179, 'Saturn', 1, '2025-10-07 14:20:30'),
(714, 179, 'Jupiter', 0, '2025-10-07 14:20:30'),
(715, 179, 'Mars', 0, '2025-10-07 14:20:30'),
(716, 179, 'Venus', 0, '2025-10-07 14:20:30'),
(717, 180, 'Blue whale', 1, '2025-10-07 14:20:30'),
(718, 180, 'Elephant', 0, '2025-10-07 14:20:30'),
(719, 180, 'Giraffe', 0, '2025-10-07 14:20:30'),
(720, 180, 'Hippopotamus', 0, '2025-10-07 14:20:30'),
(721, 181, 'Nickel', 1, '2025-10-07 14:20:30'),
(722, 181, 'Zinc', 0, '2025-10-07 14:20:30'),
(723, 181, 'Iron', 0, '2025-10-07 14:20:30'),
(724, 181, 'Tin', 0, '2025-10-07 14:20:30'),
(725, 182, 'O-', 1, '2025-10-07 14:20:30'),
(726, 182, 'AB+', 0, '2025-10-07 14:20:30'),
(727, 182, 'A+', 0, '2025-10-07 14:20:30'),
(728, 182, 'B-', 0, '2025-10-07 14:20:30'),
(729, 183, 'Greece', 1, '2025-10-07 14:20:30'),
(730, 183, 'Italy', 0, '2025-10-07 14:20:30'),
(731, 183, 'Egypt', 0, '2025-10-07 14:20:30'),
(732, 183, 'Rome', 0, '2025-10-07 14:20:30'),
(733, 184, 'Cerebellum', 1, '2025-10-07 14:20:30'),
(734, 184, 'Brain stem', 0, '2025-10-07 14:20:30'),
(735, 184, 'Spinal cord', 0, '2025-10-07 14:20:30'),
(736, 184, 'Heart', 0, '2025-10-07 14:20:30'),
(737, 185, 'Asia', 1, '2025-10-07 14:20:30'),
(738, 185, 'Africa', 0, '2025-10-07 14:20:30'),
(739, 185, 'Europe', 0, '2025-10-07 14:20:30'),
(740, 185, 'North America', 0, '2025-10-07 14:20:30'),
(741, 186, 'Nile', 1, '2025-10-07 14:20:30'),
(742, 186, 'Amazon', 0, '2025-10-07 14:20:30'),
(743, 186, 'Yangtze', 0, '2025-10-07 14:20:30'),
(744, 186, 'Mississippi', 0, '2025-10-07 14:20:30'),
(745, 187, 'Bishop', 1, '2025-10-07 14:20:30'),
(746, 187, 'Rook', 0, '2025-10-07 14:20:30'),
(747, 187, 'Knight', 0, '2025-10-07 14:20:30'),
(748, 187, 'Queen', 0, '2025-10-07 14:20:30'),
(749, 188, 'Diamond', 1, '2025-10-07 14:20:30'),
(750, 188, 'Gold', 0, '2025-10-07 14:20:30'),
(751, 188, 'Silver', 0, '2025-10-07 14:20:30'),
(752, 188, 'Iron', 0, '2025-10-07 14:20:30'),
(753, 189, 'Dove', 1, '2025-10-07 14:20:30'),
(754, 189, 'Crow', 0, '2025-10-07 14:20:30'),
(755, 189, 'Owl', 0, '2025-10-07 14:20:30'),
(756, 189, 'Eagle', 0, '2025-10-07 14:20:30'),
(757, 190, 'Vatican City', 1, '2025-10-07 14:20:30'),
(758, 190, 'Monaco', 0, '2025-10-07 14:20:30'),
(759, 190, 'Nauru', 0, '2025-10-07 14:20:30'),
(760, 190, 'San Marino', 0, '2025-10-07 14:20:30'),
(761, 191, '0C', 1, '2025-10-07 14:20:30'),
(762, 191, '32C', 0, '2025-10-07 14:20:30'),
(763, 191, '100C', 0, '2025-10-07 14:20:30'),
(764, 191, '-1C', 0, '2025-10-07 14:20:30'),
(765, 192, 'Wellington', 1, '2025-10-07 14:20:30'),
(766, 192, 'Auckland', 0, '2025-10-07 14:20:30'),
(767, 192, 'Christchurch', 0, '2025-10-07 14:20:30'),
(768, 192, 'Sydney', 0, '2025-10-07 14:20:30'),
(769, 193, 'Charles Darwin', 1, '2025-10-07 14:20:30'),
(770, 193, 'Isaac Newton', 0, '2025-10-07 14:20:30'),
(771, 193, 'Albert Einstein', 0, '2025-10-07 14:20:30'),
(772, 193, 'Galileo Galilei', 0, '2025-10-07 14:20:30'),
(773, 194, '12', 1, '2025-10-07 14:20:30'),
(774, 194, '10', 0, '2025-10-07 14:20:30'),
(775, 194, '14', 0, '2025-10-07 14:20:30'),
(776, 194, '16', 0, '2025-10-07 14:20:30'),
(777, 195, 'New York', 1, '2025-10-07 14:20:30'),
(778, 195, 'Los Angeles', 0, '2025-10-07 14:20:30'),
(779, 195, 'Chicago', 0, '2025-10-07 14:20:30'),
(780, 195, 'Boston', 0, '2025-10-07 14:20:30'),
(781, 196, 'Hamlet', 1, '2025-10-07 14:20:30'),
(782, 196, 'Macbeth', 0, '2025-10-07 14:20:30'),
(783, 196, 'Othello', 0, '2025-10-07 14:20:30'),
(784, 196, 'Romeo and Juliet', 0, '2025-10-07 14:20:30'),
(785, 197, 'Diamond', 1, '2025-10-07 14:20:30'),
(786, 197, 'Granite', 0, '2025-10-07 14:20:30'),
(787, 197, 'Marble', 0, '2025-10-07 14:20:30'),
(788, 197, 'Quartz', 0, '2025-10-07 14:20:30'),
(789, 198, 'Seoul', 1, '2025-10-07 14:20:30'),
(790, 198, 'Tokyo', 0, '2025-10-07 14:20:30'),
(791, 198, 'Beijing', 0, '2025-10-07 14:20:30'),
(792, 198, 'Bangkok', 0, '2025-10-07 14:20:30'),
(793, 199, 'Pancreas', 1, '2025-10-07 14:20:30'),
(794, 199, 'Liver', 0, '2025-10-07 14:20:30'),
(795, 199, 'Kidney', 0, '2025-10-07 14:20:30'),
(796, 199, 'Heart', 0, '2025-10-07 14:20:30'),
(797, 200, 'Stapes', 1, '2025-10-07 14:20:30'),
(798, 200, 'Femur', 0, '2025-10-07 14:20:30'),
(799, 200, 'Tibia', 0, '2025-10-07 14:20:30'),
(800, 200, 'Radius', 0, '2025-10-07 14:20:30'),
(801, 201, '1945', 1, '2025-10-07 14:20:30'),
(802, 201, '1918', 0, '2025-10-07 14:20:30'),
(803, 201, '1939', 0, '2025-10-07 14:20:30'),
(804, 201, '1965', 0, '2025-10-07 14:20:30'),
(805, 202, 'NaCl', 1, '2025-10-07 14:20:30'),
(806, 202, 'H2O', 0, '2025-10-07 14:20:30'),
(807, 202, 'CO2', 0, '2025-10-07 14:20:30'),
(808, 202, 'KCl', 0, '2025-10-07 14:20:30'),
(809, 203, 'Antarctica', 1, '2025-10-07 14:20:30'),
(810, 203, 'Arctic', 0, '2025-10-07 14:20:30'),
(811, 203, 'Siberia', 0, '2025-10-07 14:20:30'),
(812, 203, 'Greenland', 0, '2025-10-07 14:20:30'),
(813, 204, 'Alexander Fleming', 1, '2025-10-07 14:20:30'),
(814, 204, 'Marie Curie', 0, '2025-10-07 14:20:30'),
(815, 204, 'Louis Pasteur', 0, '2025-10-07 14:20:30'),
(816, 204, 'Joseph Lister', 0, '2025-10-07 14:20:30'),
(817, 205, 'Brasilia', 1, '2025-10-07 14:20:30'),
(818, 205, 'Rio de Janeiro', 0, '2025-10-07 14:20:30'),
(819, 205, 'Sao Paulo', 0, '2025-10-07 14:20:30'),
(820, 205, 'Buenos Aires', 0, '2025-10-07 14:20:30'),
(821, 206, 'Isaac Newton', 1, '2025-10-07 14:20:30'),
(822, 206, 'Albert Einstein', 0, '2025-10-07 14:20:30'),
(823, 206, 'Nikola Tesla', 0, '2025-10-07 14:20:30'),
(824, 206, 'Galileo Galilei', 0, '2025-10-07 14:20:30'),
(825, 207, 'Swiss Franc', 1, '2025-10-07 14:20:30'),
(826, 207, 'Euro', 0, '2025-10-07 14:20:30'),
(827, 207, 'Pound', 0, '2025-10-07 14:20:30'),
(828, 207, 'Dollar', 0, '2025-10-07 14:20:30'),
(829, 208, 'Hydrogen & Oxygen', 1, '2025-10-07 14:20:30'),
(830, 208, 'Carbon & Oxygen', 0, '2025-10-07 14:20:30'),
(831, 208, 'Nitrogen & Hydrogen', 0, '2025-10-07 14:20:30'),
(832, 208, 'Sodium & Chlorine', 0, '2025-10-07 14:20:30'),
(833, 209, 'Homer', 1, '2025-10-07 14:20:30'),
(834, 209, 'Virgil', 0, '2025-10-07 14:20:30'),
(835, 209, 'Ovid', 0, '2025-10-07 14:20:30'),
(836, 209, 'Sophocles', 0, '2025-10-07 14:20:30'),
(837, 210, 'Kilimanjaro', 1, '2025-10-07 14:20:30'),
(838, 210, 'Everest', 0, '2025-10-07 14:20:30'),
(839, 210, 'Elbrus', 0, '2025-10-07 14:20:30'),
(840, 210, 'Denali', 0, '2025-10-07 14:20:30'),
(841, 211, '1969', 1, '2025-10-07 14:20:30'),
(842, 211, '1959', 0, '2025-10-07 14:20:30'),
(843, 211, '1972', 0, '2025-10-07 14:20:30'),
(844, 211, '1980', 0, '2025-10-07 14:20:30');

-- --------------------------------------------------------

--
-- Table structure for table `multiple_choice_question`
--

CREATE TABLE `multiple_choice_question` (
  `id` int(11) NOT NULL,
  `question` text NOT NULL,
  `difficulty_level` enum('easy','medium','hard') NOT NULL,
  `created_at` timestamp NOT NULL DEFAULT current_timestamp()
) ENGINE=InnoDB DEFAULT CHARSET=utf8mb4 COLLATE=utf8mb4_unicode_ci;

--
-- Dumping data for table `multiple_choice_question`
--

INSERT INTO `multiple_choice_question` (`id`, `question`, `difficulty_level`, `created_at`) VALUES
(1, 'How many days are in a week?', 'easy', '2025-10-07 11:36:34'),
(2, 'Which planet do humans live on?', 'easy', '2025-10-07 11:36:34'),
(3, 'What do bees make?', 'easy', '2025-10-07 11:36:34'),
(4, 'What is H2O commonly called?', 'easy', '2025-10-07 11:36:34'),
(5, 'The sun rises in the …', 'easy', '2025-10-07 11:36:34'),
(6, 'Which ocean is the largest?', 'medium', '2025-10-07 11:36:34'),
(7, 'How many letters are in the English alphabet?', 'medium', '2025-10-07 11:36:34'),
(8, 'Which of these is a prime number?', 'medium', '2025-10-07 11:36:34'),
(9, 'Which gas do plants release during photosynthesis?', 'medium', '2025-10-07 11:36:34'),
(10, 'Which instrument has keys, pedals, and strings?', 'medium', '2025-10-07 11:36:34'),
(11, 'Which metal is liquid at room temperature?', 'hard', '2025-10-07 11:36:34'),
(12, 'What is the largest internal organ in the human body?', 'hard', '2025-10-07 11:36:34'),
(13, 'How many teeth does a typical adult human have?', 'hard', '2025-10-07 11:36:34'),
(14, 'What is the chemical symbol for sodium?', 'hard', '2025-10-07 11:36:34'),
(15, 'What is the capital city of Iceland?', 'hard', '2025-10-07 11:36:34'),
(16, 'Who is Mickey Mouse\'s dog?', 'easy', '2025-10-07 11:36:34'),
(17, 'What is Harry Potter\'s school called?', 'easy', '2025-10-07 11:36:34'),
(18, 'Which superhero is known as the Caped Crusader?', 'easy', '2025-10-07 11:36:34'),
(19, 'What is the name of the toy cowboy in Toy Story?', 'easy', '2025-10-07 11:36:34'),
(20, 'Which princess lost her glass slipper?', 'easy', '2025-10-07 11:36:34'),
(21, 'Which band sang \'Let It Be\'?', 'medium', '2025-10-07 11:36:34'),
(22, 'Who directed Jurassic Park?', 'medium', '2025-10-07 11:36:34'),
(23, 'In Star Wars, what is Darth Vader\'s real name?', 'medium', '2025-10-07 11:36:34'),
(24, 'Which movie won Best Picture at the 2020 Oscars?', 'medium', '2025-10-07 11:36:34'),
(25, 'Which singer is known as the \'Queen of Pop\'?', 'medium', '2025-10-07 11:36:34'),
(26, 'Which actor played Jack in Titanic?', 'hard', '2025-10-07 11:36:34'),
(27, 'What is the name of the kingdom in Frozen?', 'hard', '2025-10-07 11:36:34'),
(28, 'In The Matrix, what pill does Neo take?', 'hard', '2025-10-07 11:36:34'),
(29, 'Who wrote Game of Thrones?', 'hard', '2025-10-07 11:36:34'),
(30, 'What is the best-selling video game of all time?', 'hard', '2025-10-07 11:36:34'),
(31, 'What is the capital of France?', 'easy', '2025-10-07 11:36:34'),
(32, 'Which country is home to the city of Sydney?', 'easy', '2025-10-07 11:36:34'),
(33, 'Which continent is Egypt in?', 'easy', '2025-10-07 11:36:34'),
(34, 'Which is the largest continent?', 'easy', '2025-10-07 11:36:34'),
(35, 'Which country has the city of Tokyo?', 'easy', '2025-10-07 11:36:34'),
(36, 'Which river runs through Cairo?', 'medium', '2025-10-07 11:36:34'),
(37, 'What is the highest mountain in the world?', 'medium', '2025-10-07 11:36:34'),
(38, 'Which desert is the largest hot desert?', 'medium', '2025-10-07 11:36:34'),
(39, 'What is the capital of Canada?', 'medium', '2025-10-07 11:36:34'),
(40, 'Which sea separates Europe and Africa?', 'medium', '2025-10-07 11:36:34'),
(41, 'Which country is landlocked?', 'hard', '2025-10-07 11:36:34'),
(42, 'Which country has the most official languages?', 'hard', '2025-10-07 11:36:34'),
(43, 'Which city is known as the City of Canals in Italy?', 'hard', '2025-10-07 11:36:34'),
(44, 'Which country does NOT share a border with Germany?', 'hard', '2025-10-07 11:36:34'),
(45, 'What is the capital of Canada?', 'hard', '2025-10-07 11:36:34'),
(46, 'Which word is a synonym of \'big\'?', 'easy', '2025-10-07 11:36:34'),
(47, 'What is the plural of \'mouse\'?', 'easy', '2025-10-07 11:36:34'),
(48, 'Choose the correctly spelled word:', 'easy', '2025-10-07 11:36:34'),
(49, 'Which word is an antonym of \'hot\'?', 'easy', '2025-10-07 11:36:34'),
(50, 'Which word is a noun?', 'easy', '2025-10-07 11:36:34'),
(51, 'What is a palindrome?', 'medium', '2025-10-07 11:36:34'),
(52, 'Which word is a homophone of \'sea\'?', 'medium', '2025-10-07 11:36:34'),
(53, 'Which word means \'brief and to the point\'?', 'medium', '2025-10-07 11:36:34'),
(54, 'What is a compound word?', 'medium', '2025-10-07 11:36:34'),
(55, 'Which suffix turns \'child\' into a noun for a group?', 'medium', '2025-10-07 11:36:34'),
(56, 'Which word means \'able to be heard\'?', 'hard', '2025-10-07 11:36:34'),
(57, 'Which word is the opposite of \'scarce\'?', 'hard', '2025-10-07 11:36:34'),
(58, 'What does the prefix \'bio-\' mean?', 'hard', '2025-10-07 11:36:34'),
(59, 'Which sentence uses the semicolon correctly?', 'hard', '2025-10-07 11:36:34'),
(60, 'What is an oxymoron?', 'hard', '2025-10-07 11:36:34'),
(61, 'What force pulls objects toward Earth?', 'easy', '2025-10-07 11:36:34'),
(62, 'What do we call animals that eat only plants?', 'easy', '2025-10-07 11:36:34'),
(63, 'How many planets are in our solar system?', 'easy', '2025-10-07 11:36:34'),
(64, 'What part of the plant makes food?', 'easy', '2025-10-07 11:36:34'),
(65, 'What gas do humans need to breathe?', 'easy', '2025-10-07 11:36:34'),
(66, 'What is the center of an atom called?', 'medium', '2025-10-07 11:36:34'),
(67, 'What is the main source of energy for Earth?', 'medium', '2025-10-07 11:36:34'),
(68, 'What do we call a change from liquid to gas?', 'medium', '2025-10-07 11:36:34'),
(69, 'What organ pumps blood through the body?', 'medium', '2025-10-07 11:36:34'),
(70, 'What device measures temperature?', 'medium', '2025-10-07 11:36:34'),
(71, 'What is the process plants use to make food called?', 'hard', '2025-10-07 11:36:34'),
(72, 'What does DNA stand for?', 'hard', '2025-10-07 11:36:34'),
(73, 'What gas makes up most of Earth\'s atmosphere?', 'hard', '2025-10-07 11:36:34'),
(74, 'What is the speed of light in vacuum approximately?', 'hard', '2025-10-07 11:36:34'),
(75, 'What part of the cell contains genetic material?', 'hard', '2025-10-07 11:36:34'),
(76, 'Which ancient civilization built the pyramids at Giza?', 'easy', '2025-10-07 11:36:34'),
(77, 'Who was the first man to walk on the Moon?', 'easy', '2025-10-07 11:36:34'),
(78, 'Which wall is famous in China?', 'easy', '2025-10-07 11:36:34'),
(79, 'Which festival is known for carved pumpkins?', 'easy', '2025-10-07 11:36:34'),
(80, 'Which country is famous for the samurai?', 'easy', '2025-10-07 11:36:34'),
(81, 'Who wrote the play \'Romeo and Juliet\'?', 'medium', '2025-10-07 11:36:34'),
(82, 'Which empire was ruled by Julius Caesar?', 'medium', '2025-10-07 11:36:34'),
(83, 'What is the main language spoken in ancient Greece texts?', 'medium', '2025-10-07 11:36:34'),
(84, 'Which city hosted the first modern Olympics (1896)?', 'medium', '2025-10-07 11:36:34'),
(85, 'Which painting features a woman with a mysterious smile?', 'medium', '2025-10-07 11:36:34'),
(86, 'Who is known for the theory of relativity?', 'hard', '2025-10-07 11:36:34'),
(87, 'Which ship sank on its maiden voyage in 1912?', 'hard', '2025-10-07 11:36:34'),
(88, 'Which civilization built Machu Picchu?', 'hard', '2025-10-07 11:36:34'),
(89, 'Who painted the ceiling of the Sistine Chapel?', 'hard', '2025-10-07 11:36:34'),
(90, 'Which document begins with \'We the People\'?', 'hard', '2025-10-07 11:36:34'),
(91, 'How many players are on the field for one soccer team?', 'easy', '2025-10-07 11:36:34'),
(92, 'How many points is a free throw worth in basketball?', 'easy', '2025-10-07 11:36:34'),
(93, 'What sport uses a shuttlecock?', 'easy', '2025-10-07 11:36:34'),
(94, 'In baseball, how many strikes make an out?', 'easy', '2025-10-07 11:36:34'),
(95, 'What color flag means stop in auto racing?', 'easy', '2025-10-07 11:36:34'),
(96, 'How many rings are on the Olympic flag?', 'medium', '2025-10-07 11:36:34'),
(97, 'In tennis, what does \'love\' mean?', 'medium', '2025-10-07 11:36:34'),
(98, 'Which country invented sumo wrestling?', 'medium', '2025-10-07 11:36:34'),
(99, 'How many innings are in a standard professional baseball game?', 'medium', '2025-10-07 11:36:34'),
(100, 'Which sport features the term \'hat-trick\' commonly?', 'medium', '2025-10-07 11:36:34'),
(101, 'In volleyball, how many points must a team win by (set to 25)?', 'hard', '2025-10-07 11:36:34'),
(102, 'What is the distance of a marathon (km)?', 'hard', '2025-10-07 11:36:34'),
(103, 'In rugby union, how many points is a try worth?', 'hard', '2025-10-07 11:36:34'),
(104, 'Which country has won the most FIFA World Cups (men\'s)?', 'hard', '2025-10-07 11:36:34'),
(105, 'In chess, which piece can move in an L-shape?', 'hard', '2025-10-07 11:36:34'),
(106, 'What does \'www\' stand for?', 'easy', '2025-10-07 11:36:34'),
(107, 'Which device is used to type on a computer?', 'easy', '2025-10-07 11:36:34'),
(108, 'What does the save icon usually look like?', 'easy', '2025-10-07 11:36:34'),
(109, 'Which key combination is commonly used to copy?', 'easy', '2025-10-07 11:36:34'),
(110, 'Which device moves the cursor on screen?', 'easy', '2025-10-07 11:36:34'),
(111, 'What does CPU stand for?', 'medium', '2025-10-07 11:36:34'),
(112, 'What does URL stand for?', 'medium', '2025-10-07 11:36:34'),
(113, 'Binary numbers use which two digits?', 'medium', '2025-10-07 11:36:34'),
(114, 'What is the name for malicious software?', 'medium', '2025-10-07 11:36:34'),
(115, 'Which company created the Android OS?', 'medium', '2025-10-07 11:36:34'),
(116, 'What does HTML stand for?', 'hard', '2025-10-07 11:36:34'),
(117, 'What is the term for connecting two networks together?', 'hard', '2025-10-07 11:36:34'),
(118, 'What does USB stand for?', 'hard', '2025-10-07 11:36:34'),
(119, 'Which storage is non-volatile?', 'hard', '2025-10-07 11:36:34'),
(120, 'What protocol is used for secure web traffic?', 'hard', '2025-10-07 11:36:34'),
(121, 'Which is the largest land animal?', 'easy', '2025-10-07 11:36:34'),
(122, 'Which animal is known for changing its color?', 'easy', '2025-10-07 11:36:34'),
(123, 'Which animal says \'meow\'?', 'easy', '2025-10-07 11:36:34'),
(124, 'Which habitat is very dry?', 'easy', '2025-10-07 11:36:34'),
(125, 'Which bird cannot fly?', 'easy', '2025-10-07 11:36:34'),
(126, 'Which is the fastest land animal?', 'medium', '2025-10-07 11:36:34'),
(127, 'What do you call animals that sleep through winter?', 'medium', '2025-10-07 11:36:34'),
(128, 'Which part of the plant absorbs water?', 'medium', '2025-10-07 11:36:34'),
(129, 'What is a group of wolves called?', 'medium', '2025-10-07 11:36:34'),
(130, 'Which gas do plants take in during photosynthesis?', 'medium', '2025-10-07 11:36:34'),
(131, 'What do bees collect from flowers to make honey?', 'hard', '2025-10-07 11:36:34'),
(132, 'What is the tallest land animal?', 'hard', '2025-10-07 11:36:34'),
(133, 'Which ocean zone gets enough sunlight for photosynthesis?', 'hard', '2025-10-07 11:36:34'),
(134, 'What is the term for animals active at night?', 'hard', '2025-10-07 11:36:34'),
(135, 'Which biome has permafrost?', 'hard', '2025-10-07 11:36:34'),
(136, 'Sushi comes from which country?', 'easy', '2025-10-07 11:36:34'),
(137, 'What is the main ingredient in guacamole?', 'easy', '2025-10-07 11:36:34'),
(138, 'Which drink is made from fermented grapes?', 'easy', '2025-10-07 11:36:34'),
(139, 'Which country is famous for pizza?', 'easy', '2025-10-07 11:36:34'),
(140, 'What do bees produce that we eat?', 'easy', '2025-10-07 11:36:34'),
(141, 'What grain is used to make bread?', 'medium', '2025-10-07 11:36:34'),
(142, 'Which dairy product is made by churning cream?', 'medium', '2025-10-07 11:36:34'),
(143, 'Which fruit is known as \'the king of fruits\' in Southeast Asia?', 'medium', '2025-10-07 11:36:34'),
(144, 'What is tofu primarily made from?', 'medium', '2025-10-07 11:36:34'),
(145, 'What is the main ingredient in hummus?', 'medium', '2025-10-07 11:36:34'),
(146, 'Saffron is obtained from which part of the crocus flower?', 'hard', '2025-10-07 11:36:34'),
(147, 'Which vitamin is abundant in citrus fruits?', 'hard', '2025-10-07 11:36:34'),
(148, 'Which cheese is traditionally used on classic Margherita pizza?', 'hard', '2025-10-07 11:36:34'),
(149, 'What is the Italian dessert made of layers of coffee-soaked ladyfingers and mascarpone?', 'hard', '2025-10-07 11:36:34'),
(150, 'What is the main ingredient in miso soup?', 'hard', '2025-10-07 11:36:34'),
(151, 'Which European capital lies on the Danube and was formed by uniting Buda and Pest?', 'hard', '2025-10-07 11:36:34'),
(152, 'What color are bananas when ripe?', 'easy', '2025-10-07 11:36:34'),
(153, 'How many sides does a triangle have?', 'easy', '2025-10-07 11:36:34'),
(154, 'What shape is a stop sign?', 'easy', '2025-10-07 11:36:34'),
(155, 'Which season comes after spring?', 'easy', '2025-10-07 11:36:34'),
(156, 'Which day comes after Friday?', 'easy', '2025-10-07 11:36:34'),
(157, 'How many legs does a spider have?', 'easy', '2025-10-07 11:36:34'),
(158, 'Which animal is called “man\'s best friend”?', 'easy', '2025-10-07 11:36:34'),
(159, 'How many hours are in one day?', 'easy', '2025-10-07 11:36:34'),
(160, 'Which shape is round and has no corners?', 'easy', '2025-10-07 11:36:34'),
(161, 'What color is the sky on a clear day?', 'easy', '2025-10-07 11:36:34'),
(162, 'Which fruit keeps the doctor away if eaten daily, according to a saying?', 'easy', '2025-10-07 11:36:34'),
(163, 'What is the opposite of “up”?', 'easy', '2025-10-07 11:36:34'),
(164, 'Which animal gives us milk?', 'easy', '2025-10-07 11:36:34'),
(165, 'How many months are in a year?', 'easy', '2025-10-07 11:36:34'),
(166, 'Which planet is closest to the sun?', 'easy', '2025-10-07 11:36:34'),
(167, 'What does a thermometer measure?', 'easy', '2025-10-07 11:36:34'),
(168, 'Which animal says “woof”?', 'easy', '2025-10-07 11:36:34'),
(169, 'How many wheels does a bicycle have?', 'easy', '2025-10-07 11:36:34'),
(170, 'What shape is a pizza usually?', 'easy', '2025-10-07 11:36:34'),
(171, 'Which animal is the king of the jungle?', 'easy', '2025-10-07 11:36:34'),
(172, 'What is the smallest prime number?', 'medium', '2025-10-07 11:36:34'),
(173, 'Who painted the Mona Lisa?', 'medium', '2025-10-07 11:36:34'),
(174, 'What is the currency of Japan?', 'medium', '2025-10-07 11:36:34'),
(175, 'What is the chemical symbol for gold?', 'medium', '2025-10-07 11:36:34'),
(176, 'Who invented the telephone?', 'medium', '2025-10-07 11:36:34'),
(177, 'What is the capital city of Spain?', 'medium', '2025-10-07 11:36:34'),
(178, 'How many continents are there on Earth?', 'medium', '2025-10-07 11:36:34'),
(179, 'Which planet has rings around it?', 'medium', '2025-10-07 11:36:34'),
(180, 'What is the largest mammal on Earth?', 'medium', '2025-10-07 11:36:34'),
(181, 'Which metal is used to make coins along with copper?', 'medium', '2025-10-07 11:36:34'),
(182, 'Which blood type is known as the universal donor?', 'medium', '2025-10-07 11:36:34'),
(183, 'In which country were the Olympic Games invented?', 'medium', '2025-10-07 11:36:34'),
(184, 'Which part of the human body controls balance?', 'medium', '2025-10-07 11:36:34'),
(185, 'Which continent is the largest?', 'medium', '2025-10-07 11:36:34'),
(186, 'Which is the longest river in the world?', 'medium', '2025-10-07 11:36:34'),
(187, 'Which chess piece moves diagonally only?', 'medium', '2025-10-07 11:36:34'),
(188, 'What is the hardest natural substance?', 'medium', '2025-10-07 11:36:34'),
(189, 'Which bird is a symbol of peace?', 'medium', '2025-10-07 11:36:34'),
(190, 'Which is the smallest country in the world?', 'medium', '2025-10-07 11:36:34'),
(191, 'What is the freezing point of water in Celsius?', 'medium', '2025-10-07 11:36:34'),
(192, 'What is the capital of New Zealand?', 'hard', '2025-10-07 11:36:34'),
(193, 'Who developed the theory of evolution by natural selection?', 'hard', '2025-10-07 11:36:34'),
(194, 'What is the square root of 144?', 'hard', '2025-10-07 11:36:34'),
(195, 'Which city is known as the “Big Apple”?', 'hard', '2025-10-07 11:36:34'),
(196, 'What is Shakespeare’s longest play?', 'hard', '2025-10-07 11:36:34'),
(197, 'What is the hardest rock on Earth?', 'hard', '2025-10-07 11:36:34'),
(198, 'What is the capital of South Korea?', 'hard', '2025-10-07 11:36:34'),
(199, 'Which organ in the human body produces insulin?', 'hard', '2025-10-07 11:36:34'),
(200, 'What is the smallest bone in the human body?', 'hard', '2025-10-07 11:36:34'),
(201, 'In which year did World War II end?', 'hard', '2025-10-07 11:36:34'),
(202, 'What is the chemical formula for table salt?', 'hard', '2025-10-07 11:36:34'),
(203, 'Which is the coldest place on Earth?', 'hard', '2025-10-07 11:36:34'),
(204, 'Who discovered penicillin?', 'hard', '2025-10-07 11:36:34'),
(205, 'What is the capital city of Brazil?', 'hard', '2025-10-07 11:36:34'),
(206, 'Which scientist proposed the three laws of motion?', 'hard', '2025-10-07 11:36:34'),
(207, 'What is the currency of Switzerland?', 'hard', '2025-10-07 11:36:34'),
(208, 'Which two elements make up water?', 'hard', '2025-10-07 11:36:34'),
(209, 'Who is the author of “The Odyssey”?', 'hard', '2025-10-07 11:36:34'),
(210, 'What is the tallest mountain in Africa?', 'hard', '2025-10-07 11:36:34'),
(211, 'Which year did humans first land on the Moon?', 'hard', '2025-10-07 11:36:34');

-- --------------------------------------------------------

--
-- Table structure for table `player`
--

CREATE TABLE `player` (
  `id` int(11) NOT NULL,
  `name` varchar(50) NOT NULL,
  `current_airport_id` int(11) DEFAULT NULL,
  `battery_level` int(11) DEFAULT 100,
  `difficulty_level` enum('easy','medium','hard') DEFAULT 'easy',
  `total_score` int(11) DEFAULT 0,
  `games_played` int(11) DEFAULT 0,
  `games_won` int(11) DEFAULT 0,
  `created_at` timestamp NOT NULL DEFAULT current_timestamp(),
  `last_login` timestamp NOT NULL DEFAULT current_timestamp() ON UPDATE current_timestamp()
) ENGINE=InnoDB DEFAULT CHARSET=utf8mb4 COLLATE=utf8mb4_unicode_ci;

--
-- Dumping data for table `player`
--

INSERT INTO `player` (`id`, `name`, `current_airport_id`, `battery_level`, `difficulty_level`, `total_score`, `games_played`, `games_won`, `created_at`, `last_login`) VALUES
(1, 'Kim', NULL, 90, 'medium', 0, 0, 0, '2025-10-07 13:15:50', '2025-12-03 13:13:24'),
(2, 'Eeli', NULL, 100, 'hard', 0, 0, 0, '2025-10-07 13:21:43', '2025-10-07 13:21:43'),
(3, 'Tuukka', NULL, 100, 'hard', 0, 0, 0, '2025-10-07 13:27:31', '2025-10-07 13:27:31'),
(4, 'paksa', NULL, 100, 'easy', 0, 0, 0, '2025-10-07 14:02:47', '2025-10-07 14:02:47'),
(5, 'f', NULL, 100, 'easy', 0, 0, 0, '2025-10-07 14:20:43', '2025-10-08 15:43:15'),
(6, 'homo', NULL, 95, 'medium', 0, 0, 0, '2025-10-07 19:37:53', '2025-10-07 19:41:04'),
(7, 'd', NULL, 95, 'medium', 0, 0, 0, '2025-10-07 19:39:12', '2025-10-08 14:36:18'),
(8, 'Anonymous Pilot', NULL, 100, 'easy', 0, 0, 0, '2025-10-07 19:41:24', '2025-10-08 15:10:36'),
(9, 'm', NULL, 100, 'easy', 0, 0, 0, '2025-10-07 20:45:13', '2025-10-07 20:45:13'),
(10, 'GigaChad', NULL, 100, 'easy', 0, 0, 0, '2025-10-08 10:39:11', '2025-10-08 10:39:11'),
(11, 'lolxd', NULL, 90, 'hard', 0, 0, 0, '2025-10-08 11:13:51', '2025-10-08 11:14:04'),
(12, 'lul', NULL, 90, 'hard', 0, 0, 0, '2025-10-08 11:15:46', '2025-10-08 11:15:53'),
(13, 'gamer', NULL, 100, 'easy', 0, 0, 0, '2025-10-08 12:43:53', '2025-10-08 12:43:53'),
(14, 'gamer girl', NULL, 100, 'easy', 0, 0, 0, '2025-10-08 12:44:16', '2025-10-08 12:44:16'),
(15, 'hot', NULL, 100, 'easy', 0, 0, 0, '2025-10-08 12:44:25', '2025-10-08 12:44:25'),
(16, 'lol', NULL, 95, 'medium', 0, 0, 0, '2025-10-08 12:47:30', '2025-10-08 13:32:43'),
(17, 'Sigma', NULL, 90, 'hard', 0, 0, 0, '2025-10-08 13:08:04', '2025-10-08 13:10:03'),
(18, 'Sigam', NULL, 100, 'easy', 0, 0, 0, '2025-10-08 13:11:25', '2025-10-08 13:11:25'),
(19, 'Pilot GigaChad', NULL, 100, 'easy', 0, 0, 0, '2025-10-08 13:19:30', '2025-10-08 13:19:30'),
(20, 'GigaestChad', NULL, 100, 'easy', 0, 0, 0, '2025-10-08 13:19:40', '2025-10-08 13:19:40'),
(21, 'paska', NULL, 95, 'medium', 0, 0, 0, '2025-10-08 13:19:54', '2025-10-09 14:13:02'),
(22, 'lolcd', NULL, 100, 'easy', 0, 0, 0, '2025-10-08 13:25:42', '2025-10-08 13:25:42'),
(23, 'werpgihujwpoterighjpowrithjgpowrth', NULL, 100, 'easy', 0, 0, 0, '2025-10-08 13:25:46', '2025-10-08 13:25:46'),
(24, 'Finlanf', NULL, 100, 'easy', 0, 0, 0, '2025-10-08 13:33:18', '2025-10-08 13:33:18'),
(25, 'Teppo', NULL, 100, 'easy', 0, 0, 0, '2025-10-08 14:08:35', '2025-10-08 14:08:35'),
(26, 'tere', NULL, 90, 'hard', 0, 0, 0, '2025-10-08 14:09:26', '2025-10-08 14:22:35'),
(27, 'Chad', NULL, 100, 'easy', 0, 0, 0, '2025-10-08 14:26:20', '2025-10-08 14:42:22'),
(28, 'Finasd', NULL, 100, 'easy', 0, 0, 0, '2025-10-08 15:08:30', '2025-10-08 15:08:30'),
(29, 'fuck', NULL, 100, 'easy', 0, 0, 0, '2025-10-08 15:28:00', '2025-10-08 15:28:00'),
(30, 'off', NULL, 100, 'easy', 0, 0, 0, '2025-10-08 15:28:58', '2025-10-08 15:28:58'),
(31, 'L', NULL, 95, 'medium', 0, 0, 0, '2025-10-09 15:33:58', '2025-10-09 15:38:17'),
(32, 'c', NULL, 100, 'easy', 0, 0, 0, '2025-10-10 07:12:06', '2025-10-10 07:12:06'),
(33, 'TestPlayer', NULL, 75, 'hard', 0, 0, 0, '2025-12-02 13:36:41', '2025-12-02 14:45:29'),
(34, 'JokuPelaaja', NULL, 75, 'hard', 0, 0, 0, '2025-12-02 14:32:57', '2025-12-02 14:32:57'),
(35, 'Mikko22', NULL, 90, 'medium', 0, 0, 0, '2025-12-03 13:00:08', '2025-12-03 13:00:08'),
(36, 'kissa4', NULL, 75, 'hard', 0, 0, 0, '2025-12-03 13:14:19', '2025-12-03 13:14:19'),
(37, 'tarmo13', NULL, 90, 'medium', 0, 0, 0, '2025-12-03 13:16:40', '2025-12-03 13:16:40');

-- --------------------------------------------------------

--
-- Table structure for table `question_task`
--

CREATE TABLE `question_task` (
  `id` int(11) NOT NULL,
  `question` text NOT NULL,
  `correct_answer` varchar(255) NOT NULL,
  `difficulty_level` enum('easy','medium','hard') NOT NULL,
  `created_at` timestamp NOT NULL DEFAULT current_timestamp()
) ENGINE=InnoDB DEFAULT CHARSET=utf8mb4 COLLATE=utf8mb4_unicode_ci;

--
-- Dumping data for table `question_task`
--

INSERT INTO `question_task` (`id`, `question`, `correct_answer`, `difficulty_level`, `created_at`) VALUES
(1, 'What is 7 plus 5?', '12', 'easy', '2025-10-07 11:35:48'),
(2, 'What is 9 times 6?', '54', 'easy', '2025-10-07 11:35:48'),
(3, 'What is 15 minus 8?', '7', 'easy', '2025-10-07 11:35:48'),
(4, 'What is 8 divided by 2?', '4', 'easy', '2025-10-07 11:35:48'),
(5, 'What is the next number: 2, 4, 6, 8, ?', '10', 'easy', '2025-10-07 11:35:48'),
(6, 'What is the square of 7?', '49', 'easy', '2025-10-07 11:35:48'),
(7, 'What is 100 divided by 25?', '4', 'easy', '2025-10-07 11:35:48'),
(8, 'How many degrees in a right angle?', '90', 'easy', '2025-10-07 11:35:48'),
(9, 'What is the perimeter of a square with side 5?', '20', 'easy', '2025-10-07 11:35:48'),
(10, 'What is the product of 3 and 11?', '33', 'easy', '2025-10-07 11:35:48'),
(11, 'What is the median of 1, 3, 7?', '3', 'easy', '2025-10-07 11:35:48'),
(12, 'What is the next Fibonacci number after 8?', '13', 'easy', '2025-10-07 11:35:48'),
(13, 'If x+3=10 what is x?', '7', 'easy', '2025-10-07 11:35:48'),
(14, 'What is 5 factorial (5!)?', '120', 'medium', '2025-10-07 11:35:48'),
(15, 'What is the value of 2^6?', '64', 'medium', '2025-10-07 11:35:48'),
(16, 'What is the sum of interior angles of a triangle in degrees?', '180', 'medium', '2025-10-07 11:35:48'),
(17, 'Two consecutive integers multiply to 56 what is the larger integer?', '8', 'medium', '2025-10-07 11:35:48'),
(18, 'If 3x=27 what is x?', '9', 'medium', '2025-10-07 11:35:48'),
(19, 'What is one quarter of 200?', '50', 'medium', '2025-10-07 11:35:48'),
(20, 'If a rectangle is 4 by 7 what is its area?', '28', 'medium', '2025-10-07 11:35:48'),
(21, 'What is the next number: 1, 4, 9, 16, ?', '25', 'medium', '2025-10-07 11:35:48'),
(22, 'If you roll two six-sided dice what is the highest possible sum?', '12', 'medium', '2025-10-07 11:35:48'),
(23, 'A number decreased by 20 equals 80 what is the number?', '100', 'medium', '2025-10-07 11:35:48'),
(24, 'If a sequence adds 5 each step starting at 2 what is the fifth term?', '22', 'medium', '2025-10-07 11:35:48'),
(25, 'What is the greatest common divisor of 24 and 36?', '12', 'medium', '2025-10-07 11:35:48'),
(26, 'If you split 30 into three equal parts what is one part?', '10', 'medium', '2025-10-07 11:35:48'),
(27, 'What is the area of a triangle with base 10 and height 6?', '30', 'medium', '2025-10-07 11:35:48'),
(28, 'What is the smallest prime greater than 20?', '23', 'hard', '2025-10-07 11:35:48'),
(29, 'What two-digit number equals three times the sum of its digits?', '27', 'hard', '2025-10-07 11:35:48'),
(30, 'A number and its reverse differ by 9; if tens digit is 5 what is the number?', '54', 'hard', '2025-10-07 11:35:48'),
(31, 'If n(n+1)=56 what is n?', '7', 'hard', '2025-10-07 11:35:48'),
(32, 'What is the next in pattern 2, 3, 5, 7, 11, ?', '13', 'hard', '2025-10-07 11:35:48'),
(33, 'If a train travels 90 km in 1.5 hours what is its speed in km/h?', '60', 'hard', '2025-10-07 11:35:48'),
(34, 'If you fold a paper in half three times how many layers result?', '8', 'hard', '2025-10-07 11:35:48'),
(35, 'If product of digits of a two-digit number 2x equals 18 and tens digit is 3 what is x?', '6', 'hard', '2025-10-07 11:35:48'),
(36, 'A number is 25% of 200 what is the number?', '50', 'medium', '2025-10-07 11:35:48'),
(37, 'If 4 people share 99 equally how many whole items each gets without including fractional share?', '24', 'hard', '2025-10-07 11:35:48'),
(38, 'What is the smallest square greater than 50?', '64', 'hard', '2025-10-07 11:35:48'),
(39, 'Starting with people numbered 1 to 9 sitting in a circle, repeatedly remove every 2nd person until one remains. Which position remains?', '3', 'hard', '2025-10-07 11:35:48'),
(40, 'If a coin is flipped three times what is the total number of possible outcomes?', '8', 'medium', '2025-10-07 11:35:48'),
(41, 'If x/4=6 what is x?', '24', 'medium', '2025-10-07 11:35:48'),
(42, 'What is 11 squared?', '121', 'medium', '2025-10-07 11:35:48'),
(43, 'What is 6 plus 9?', '15', 'easy', '2025-10-07 11:35:48'),
(44, 'What is 20 minus 7?', '13', 'easy', '2025-10-07 11:35:48'),
(45, 'What is 4 times 8?', '32', 'easy', '2025-10-07 11:35:48'),
(46, 'What is 81 divided by 9?', '9', 'easy', '2025-10-07 11:35:48'),
(47, 'What is the next number: 5, 10, 15, 20, ?', '25', 'easy', '2025-10-07 11:35:48'),
(48, 'What is the square of 9?', '81', 'easy', '2025-10-07 11:35:48'),
(49, 'How many sides does a triangle have?', '3', 'easy', '2025-10-07 11:35:48'),
(50, 'What is the product of 2 and 15?', '30', 'easy', '2025-10-07 11:35:48'),
(51, 'What is half of 50?', '25', 'easy', '2025-10-07 11:35:48'),
(52, 'What is the sum of 11 and 22?', '33', 'easy', '2025-10-07 11:35:48'),
(53, 'What is 3 squared?', '9', 'easy', '2025-10-07 11:35:48'),
(54, 'What is the perimeter of a rectangle 3 by 5?', '16', 'easy', '2025-10-07 11:35:48'),
(55, 'What is 45 divided by 5?', '9', 'easy', '2025-10-07 11:35:48'),
(56, 'What is the next Fibonacci number after 13?', '21', 'easy', '2025-10-07 11:35:48'),
(57, 'What is 14 minus 9?', '5', 'easy', '2025-10-07 11:35:48'),
(58, 'What is 12 plus 15?', '27', 'easy', '2025-10-07 11:35:48'),
(59, 'What is the area of a square with side 6?', '36', 'easy', '2025-10-07 11:35:48'),
(60, 'How many minutes in an hour?', '60', 'easy', '2025-10-07 11:35:48'),
(61, 'What is 2 to the power of 3?', '8', 'easy', '2025-10-07 11:35:48'),
(62, 'What is 7 times 7?', '49', 'easy', '2025-10-07 11:35:48'),
(63, 'What is 90 divided by 10?', '9', 'easy', '2025-10-07 11:35:48'),
(64, 'What is the next even number after 48?', '50', 'easy', '2025-10-07 11:35:48'),
(65, 'What is 19 plus 21?', '40', 'easy', '2025-10-07 11:35:48'),
(66, 'What is the cube of 2?', '8', 'easy', '2025-10-07 11:35:48'),
(67, 'How many edges does a cube have?', '12', 'easy', '2025-10-07 11:35:48'),
(68, 'What is the median of 2, 5, 9?', '5', 'easy', '2025-10-07 11:35:48'),
(69, 'What is 18 minus 4?', '14', 'easy', '2025-10-07 11:35:48'),
(70, 'What is 3 times 14?', '42', 'easy', '2025-10-07 11:35:48'),
(71, 'What is the next odd number after 67?', '69', 'easy', '2025-10-07 11:35:48'),
(72, 'What is 100 divided by 10?', '10', 'easy', '2025-10-07 11:35:48'),
(73, 'What is 6 factorial (6!)?', '720', 'medium', '2025-10-07 11:35:48'),
(74, 'What is 3 to the power of 4?', '81', 'medium', '2025-10-07 11:35:48'),
(75, 'What is the sum of interior angles of a quadrilateral?', '360', 'medium', '2025-10-07 11:35:48'),
(76, 'If 5x=45 what is x?', '9', 'medium', '2025-10-07 11:35:48'),
(77, 'What is 20% of 250?', '50', 'medium', '2025-10-07 11:35:48'),
(78, 'If a circle has radius 7 what is its diameter?', '14', 'medium', '2025-10-07 11:35:48'),
(79, 'What is the LCM of 6 and 8?', '24', 'medium', '2025-10-07 11:35:48'),
(80, 'If a rectangle is 9 by 3 what is its perimeter?', '24', 'medium', '2025-10-07 11:35:48'),
(81, 'What is the next square number after 36?', '49', 'medium', '2025-10-07 11:35:48'),
(82, 'If y/5=11 what is y?', '55', 'medium', '2025-10-07 11:35:48'),
(83, 'What is the average of 5, 10, 15?', '10', 'medium', '2025-10-07 11:35:48'),
(84, 'If 12x=144 what is x?', '12', 'medium', '2025-10-07 11:35:48'),
(85, 'What is the missing number: 2, 6, 18, ?, 162', '54', 'medium', '2025-10-07 11:35:48'),
(86, 'What is the square root of 121?', '11', 'medium', '2025-10-07 11:35:48'),
(87, 'If 2a+5=15 what is a?', '5', 'medium', '2025-10-07 11:35:48'),
(88, 'How many diagonals does a hexagon have?', '9', 'medium', '2025-10-07 11:35:48'),
(89, 'What is 15% of 400?', '60', 'medium', '2025-10-07 11:35:48'),
(90, 'If sum of two numbers is 30 and one is 12 what is the other?', '18', 'medium', '2025-10-07 11:35:48'),
(91, 'What is the volume of a cube with side 3?', '27', 'medium', '2025-10-07 11:35:48'),
(92, 'What is the greatest common divisor of 18 and 45?', '9', 'medium', '2025-10-07 11:35:48'),
(93, 'What is 7 cubed?', '343', 'medium', '2025-10-07 11:35:48'),
(94, 'If perimeter of a square is 36 what is side length?', '9', 'medium', '2025-10-07 11:35:48'),
(95, 'What is 25% of 360?', '90', 'medium', '2025-10-07 11:35:48'),
(96, 'If 4 consecutive numbers sum to 34 what is the smallest?', '7', 'medium', '2025-10-07 11:35:48'),
(97, 'Round to closest whole number. What is the area of a circle with radius 3 (π=3.14)?', '28', 'medium', '2025-10-07 11:35:48'),
(98, 'What is 50 divided by 2.5?', '20', 'medium', '2025-10-07 11:35:48'),
(99, 'If 2^x=32 what is x?', '5', 'medium', '2025-10-07 11:35:48'),
(100, 'What is the perimeter of a triangle with sides 7, 8, 9?', '24', 'medium', '2025-10-07 11:35:48'),
(101, 'If 3y−7=11 what is y?', '6', 'medium', '2025-10-07 11:35:48'),
(102, 'What is the smallest prime greater than 50?', '53', 'hard', '2025-10-07 11:35:48'),
(103, 'If 2x+3=19 what is x?', '8', 'hard', '2025-10-07 11:35:48'),
(104, 'What is the cube root of 1000?', '10', 'hard', '2025-10-07 11:35:48'),
(105, 'If a number doubled then reduced by 5 equals 21 what is the number?', '13', 'hard', '2025-10-07 11:35:48'),
(106, 'What is the next prime after 97?', '101', 'hard', '2025-10-07 11:35:48'),
(107, 'If 3 consecutive integers sum to 72 what is the largest?', '25', 'hard', '2025-10-07 11:35:48'),
(108, 'If 8y=2y+42 what is y?', '7', 'hard', '2025-10-07 11:35:48'),
(109, 'What is the 10th Fibonacci number?', '55', 'hard', '2025-10-07 11:35:48'),
(110, 'If a car travels 150 km in 2.5 hours what is its speed?', '60', 'hard', '2025-10-07 11:35:48'),
(111, 'What is the next cube number after 216?', '343', 'hard', '2025-10-07 11:35:48'),
(112, 'If (x−3)(x+3)=91 what is ±x?', '10', 'hard', '2025-10-07 11:35:48'),
(113, 'What is 7/8 of 64?', '56', 'hard', '2025-10-07 11:35:48'),
(114, 'If 5 consecutive even numbers sum to 100 what is the largest?', '24', 'hard', '2025-10-07 11:35:48'),
(115, 'What is the probability of getting heads twice in two coin flips?', '0.25', 'hard', '2025-10-07 11:35:48'),
(116, 'If 2x+4=3x−1 what is x?', '5', 'hard', '2025-10-07 11:35:48'),
(117, 'What is the area of a trapezium with bases 6 and 10 and height 4?', '32', 'hard', '2025-10-07 11:35:48'),
(118, 'What is the smallest 3-digit number divisible by 17?', '102', 'hard', '2025-10-07 11:35:48'),
(119, 'If a^2=196 what is ±a?', '14', 'hard', '2025-10-07 11:35:48'),
(120, 'What is the 12th prime number?', '37', 'hard', '2025-10-07 11:35:48'),
(121, 'If a sequence doubles each time starting at 3 what is the 6th term?', '96', 'hard', '2025-10-07 11:35:48'),
(122, 'What is the interior angle of a regular pentagon?', '108', 'hard', '2025-10-07 11:35:48'),
(123, 'If (x+2)(x−2)=60 what is ±x?', '8', 'hard', '2025-10-07 11:35:48'),
(124, 'If sum of angles in polygon is 720 how many sides does it have?', '6', 'hard', '2025-10-07 11:35:48'),
(125, 'If average of 4 numbers is 15 and three are 12, 18, 20 what is the fourth?', '10', 'hard', '2025-10-07 11:35:48'),
(126, 'What is 30% of 450?', '135', 'hard', '2025-10-07 11:35:48'),
(127, 'If speed is 80 km/h how far in 2.5 hours?', '200', 'hard', '2025-10-07 11:35:48'),
(128, 'If 9x=4x+35 what is x?', '7', 'hard', '2025-10-07 11:35:48'),
(129, 'What is the least common multiple of 12, 15, and 20?', '60', 'hard', '2025-10-07 11:35:48'),
(130, 'If 2 consecutive numbers multiply to 182 what is the larger?', '14', 'hard', '2025-10-07 11:35:48'),
(131, 'What is the value of (2^5)(2^3)?', '256', 'hard', '2025-10-07 11:35:48'),
(132, 'If a plane has 48 seats and 36 are occupied, how many seats are empty?', '12', 'easy', '2025-10-07 11:35:48'),
(133, 'You buy 3 sandwiches for $5 each and pay with $20. How much change do you get?', '5', 'easy', '2025-10-07 11:35:48'),
(134, 'A flight lasts 2 hours and 30 minutes. How many total minutes is that?', '150', 'easy', '2025-10-07 11:35:48'),
(135, 'A suitcase weighs 12 kg. The weight limit is 20 kg. How many kg can you add?', '8', 'easy', '2025-10-07 11:35:48'),
(136, 'You read 15 pages on the flight each hour. How many pages after 4 hours?', '60', 'easy', '2025-10-07 11:35:48'),
(137, 'A ticket costs $45. Two tickets cost how much?', '90', 'easy', '2025-10-07 11:35:48'),
(138, 'If you have 100 coins and spend 72, how many coins remain?', '28', 'easy', '2025-10-07 11:35:48'),
(139, 'A clock shows 9:15. How many minutes until 10 o’clock?', '45', 'easy', '2025-10-07 11:35:48'),
(140, 'An airport has 5 terminals, each with 12 gates. How many gates in total?', '60', 'easy', '2025-10-07 11:35:48'),
(141, 'You walk 300 meters to the gate, then another 200 meters. Total distance?', '500', 'easy', '2025-10-07 11:35:48'),
(142, 'A plane leaves at 14:00 and arrives at 17:00. How many hours was the flight?', '3', 'easy', '2025-10-07 11:35:48'),
(143, 'A bottle of water costs $2. You buy 7 bottles. How much do you pay?', '14', 'easy', '2025-10-07 11:35:48'),
(144, 'If your boarding pass says seat 22C, what is 22 × 2?', '44', 'easy', '2025-10-07 11:35:48'),
(145, 'You need 90 minutes to check in and board. How many hours is that?', '1.5', 'easy', '2025-10-07 11:35:48'),
(146, 'A luggage scale shows 18 kg, and you add 2 more. What’s the new weight?', '20', 'easy', '2025-10-07 11:35:48'),
(147, 'A pilot flies 120 km per hour. How far in 3 hours?', '360', 'easy', '2025-10-07 11:35:48'),
(148, 'A plane has 4 rows of 6 seats. How many seats in total?', '24', 'easy', '2025-10-07 11:35:48'),
(149, 'A taxi ride to the airport costs $10. You give $15. What’s the change?', '5', 'easy', '2025-10-07 11:35:48'),
(150, 'If you eat 3 snacks per flight and take 5 flights, how many snacks total?', '15', 'easy', '2025-10-07 11:35:48'),
(151, 'A clock shows 11:45. How many minutes to reach 12:00?', '15', 'easy', '2025-10-07 11:35:48'),
(152, 'A plane travels 480 km in 2 hours. What’s the speed in km/h?', '240', 'medium', '2025-10-07 11:35:48'),
(153, 'A bag weighs 15 kg. Another weighs 9 kg more. What’s the second bag’s weight?', '24', 'medium', '2025-10-07 11:35:48'),
(154, 'A flight departs at 22:30 and lands 7 hours later. What local time is it?', '5:30', 'medium', '2025-10-07 11:35:48'),
(155, 'You buy a $75 ticket with 15% discount. How much do you pay?', '63.75', 'medium', '2025-10-07 11:35:48'),
(156, 'A pilot flew 900 km in 3 hours, then 600 km in 2 hours. What’s the average speed?', '300', 'medium', '2025-10-07 11:35:48'),
(157, 'A suitcase costs $120. It is reduced by $35. What’s the new price?', '85', 'medium', '2025-10-07 11:35:48'),
(158, 'The airport parking fee is $4 per hour. How much for 11 hours?', '44', 'medium', '2025-10-07 11:35:48'),
(159, 'A plane has 180 seats. 25% are empty. How many seats are filled?', '135', 'medium', '2025-10-07 11:35:48'),
(160, 'The plane departs at 11:15. Boarding starts 45 minutes earlier. What time?', '10:30', 'medium', '2025-10-07 11:35:48'),
(161, 'A traveler has $200. They spend $48 on food and $92 on transport. How much left?', '60', 'medium', '2025-10-07 11:35:48'),
(162, 'A train to the airport leaves every 25 minutes. How many departures in 5 hours?', '12', 'medium', '2025-10-07 11:35:48'),
(163, 'A duty-free shop sells chocolate for $8. You buy 7 bars. Total cost?', '56', 'medium', '2025-10-07 11:35:48'),
(164, 'A plane flies 750 km in 2.5 hours. What’s the speed?', '300', 'medium', '2025-10-07 11:35:48'),
(165, 'A bag’s weight limit is 30 kg. Your bag is 18 kg. What % of the limit is used?', '60', 'medium', '2025-10-07 11:35:48'),
(166, 'A traveler runs 400 meters in 2 minutes. How many meters per second?', '3.33', 'medium', '2025-10-07 11:35:48'),
(167, 'You exchange $150 for euros at $1 = €0.9. How many euros do you get?', '135', 'medium', '2025-10-07 11:35:48'),
(168, 'A lounge has 18 chairs in each row, and 7 rows. How many chairs?', '126', 'medium', '2025-10-07 11:35:48'),
(169, 'You buy 3 drinks at $4 each, plus 2 sandwiches at $6 each. Total cost?', '24', 'medium', '2025-10-07 11:35:48'),
(170, 'A runway is 3.2 km long. How many meters is that?', '3200', 'medium', '2025-10-07 11:35:48'),
(171, 'A plane consumes 2,400 liters of fuel per hour. How much in 5 hours?', '12000', 'medium', '2025-10-07 11:35:48'),
(172, 'You arrive at 13:40. Your flight leaves at 16:10. How much waiting time?', '2.5', 'medium', '2025-10-07 11:35:48'),
(173, 'A traveler reads 45 pages per hour. How many pages in 2 hours 40 minutes?', '120', 'medium', '2025-10-07 11:35:48'),
(174, 'A plane’s altitude increases from 1,200 m to 4,500 m. What’s the gain?', '3300', 'medium', '2025-10-07 11:35:48'),
(175, 'An airline offers 12 flights daily. How many in 4 weeks?', '336', 'medium', '2025-10-07 11:35:48'),
(176, 'A plane has 8 rows of 25 seats. 20% are unoccupied. How many are filled?', '160', 'medium', '2025-10-07 11:35:48'),
(177, 'A traveler saves $25 per week for 12 weeks. How much total?', '300', 'medium', '2025-10-07 11:35:48'),
(178, 'A passenger buys 2 tickets at $120 each with 10% discount. Total price?', '216', 'medium', '2025-10-07 11:35:48'),
(179, 'A bus takes 50 people to the airport. Each pays $6. Total fare?', '300', 'medium', '2025-10-07 11:35:48'),
(180, 'A luggage belt carries 45 bags every 3 minutes. How many in 15 minutes?', '225', 'medium', '2025-10-07 11:35:48'),
(181, 'A train travels 420 km in 3 hours 30 minutes. What’s the speed?', '120', 'medium', '2025-10-07 11:35:48'),
(182, 'An airline has 12 planes. Each flies 5 times daily. Total flights in 10 days?', '600', 'medium', '2025-10-07 11:35:48'),
(183, 'A traveler spends $38, $27, and $45 on meals. What’s the average cost?', '36.67', 'medium', '2025-10-07 11:35:48'),
(184, 'A plane lands at 21:15 after 2h45m flight. What time did it take off?', '18:30', 'medium', '2025-10-07 11:35:48'),
(185, 'An airline allows 23 kg free baggage. You carry 28 kg. How much extra?', '5', 'medium', '2025-10-07 11:35:48'),
(186, 'A train leaves at 14:25. The ride takes 95 minutes. What time do you arrive?', '16:00', 'medium', '2025-10-07 11:35:48'),
(187, 'A taxi charges $4 plus $2 per km. How much for 6 km?', '16', 'medium', '2025-10-07 11:35:48'),
(188, 'A bus leaves every 18 minutes. How many trips in 6 hours?', '20', 'medium', '2025-10-07 11:35:48'),
(189, 'A hotel charges $85 per night. How much for 12 nights?', '1020', 'medium', '2025-10-07 11:35:48'),
(190, 'A suitcase weighs 17.4 kg. Limit is 23 kg. How many more kg allowed?', '5.6', 'medium', '2025-10-07 11:35:48'),
(191, 'A luggage costs $250. After adding 8% tax and then subtracting a $20 discount, what’s the final price?', '250', 'hard', '2025-10-07 11:35:48');

--
-- Indexes for dumped tables
--

--
-- Indexes for table `airport`
--
ALTER TABLE `airport`
  ADD PRIMARY KEY (`id`),
  ADD UNIQUE KEY `uq_airport_icao` (`icao_code`),
  ADD UNIQUE KEY `uq_airport_iata` (`iata_code`),
  ADD KEY `idx_airport_country` (`country_code`),
  ADD KEY `idx_airport_hub` (`is_major_hub`);

--
-- Indexes for table `country`
--
ALTER TABLE `country`
  ADD PRIMARY KEY (`code`),
  ADD KEY `idx_country_continent` (`continent`);

--
-- Indexes for table `game_save`
--
ALTER TABLE `game_save`
  ADD PRIMARY KEY (`id`),
  ADD KEY `idx_game_save_player` (`player_id`);

--
-- Indexes for table `game_session`
--
ALTER TABLE `game_session`
  ADD PRIMARY KEY (`id`),
  ADD KEY `idx_game_session_player` (`player_id`),
  ADD KEY `idx_game_session_status` (`status`),
  ADD KEY `idx_game_session_difficulty` (`difficulty_level`),
  ADD KEY `starting_airport_id` (`starting_airport_id`),
  ADD KEY `boss_airport_id` (`boss_airport_id`),
  ADD KEY `current_airport_id` (`current_airport_id`),
  ADD KEY `boss_country_code` (`boss_country_code`);

--
-- Indexes for table `multiple_choice_answer`
--
ALTER TABLE `multiple_choice_answer`
  ADD PRIMARY KEY (`id`),
  ADD KEY `idx_mc_answer_question` (`question_id`);

--
-- Indexes for table `multiple_choice_question`
--
ALTER TABLE `multiple_choice_question`
  ADD PRIMARY KEY (`id`),
  ADD KEY `idx_mc_question_difficulty` (`difficulty_level`);

--
-- Indexes for table `player`
--
ALTER TABLE `player`
  ADD PRIMARY KEY (`id`),
  ADD KEY `idx_player_current_airport` (`current_airport_id`);

--
-- Indexes for table `question_task`
--
ALTER TABLE `question_task`
  ADD PRIMARY KEY (`id`),
  ADD KEY `idx_question_task_difficulty` (`difficulty_level`);

--
-- AUTO_INCREMENT for dumped tables
--

--
-- AUTO_INCREMENT for table `airport`
--
ALTER TABLE `airport`
  MODIFY `id` int(11) NOT NULL AUTO_INCREMENT, AUTO_INCREMENT=114;

--
-- AUTO_INCREMENT for table `game_save`
--
ALTER TABLE `game_save`
  MODIFY `id` int(11) NOT NULL AUTO_INCREMENT, AUTO_INCREMENT=2;

--
-- AUTO_INCREMENT for table `game_session`
--
ALTER TABLE `game_session`
  MODIFY `id` int(11) NOT NULL AUTO_INCREMENT, AUTO_INCREMENT=86;

--
-- AUTO_INCREMENT for table `multiple_choice_answer`
--
ALTER TABLE `multiple_choice_answer`
  MODIFY `id` int(11) NOT NULL AUTO_INCREMENT, AUTO_INCREMENT=845;

--
-- AUTO_INCREMENT for table `multiple_choice_question`
--
ALTER TABLE `multiple_choice_question`
  MODIFY `id` int(11) NOT NULL AUTO_INCREMENT, AUTO_INCREMENT=212;

--
-- AUTO_INCREMENT for table `player`
--
ALTER TABLE `player`
  MODIFY `id` int(11) NOT NULL AUTO_INCREMENT, AUTO_INCREMENT=38;

--
-- AUTO_INCREMENT for table `question_task`
--
ALTER TABLE `question_task`
  MODIFY `id` int(11) NOT NULL AUTO_INCREMENT, AUTO_INCREMENT=192;

--
-- Constraints for dumped tables
--

--
-- Constraints for table `airport`
--
ALTER TABLE `airport`
  ADD CONSTRAINT `airport_ibfk_1` FOREIGN KEY (`country_code`) REFERENCES `country` (`code`) ON UPDATE CASCADE;

--
-- Constraints for table `game_save`
--
ALTER TABLE `game_save`
  ADD CONSTRAINT `game_save_ibfk_1` FOREIGN KEY (`player_id`) REFERENCES `player` (`id`) ON DELETE CASCADE;

--
-- Constraints for table `game_session`
--
ALTER TABLE `game_session`
  ADD CONSTRAINT `game_session_ibfk_1` FOREIGN KEY (`player_id`) REFERENCES `player` (`id`) ON DELETE CASCADE,
  ADD CONSTRAINT `game_session_ibfk_2` FOREIGN KEY (`starting_airport_id`) REFERENCES `airport` (`id`),
  ADD CONSTRAINT `game_session_ibfk_3` FOREIGN KEY (`boss_airport_id`) REFERENCES `airport` (`id`),
  ADD CONSTRAINT `game_session_ibfk_4` FOREIGN KEY (`current_airport_id`) REFERENCES `airport` (`id`),
  ADD CONSTRAINT `game_session_ibfk_5` FOREIGN KEY (`boss_country_code`) REFERENCES `country` (`code`);

--
-- Constraints for table `multiple_choice_answer`
--
ALTER TABLE `multiple_choice_answer`
  ADD CONSTRAINT `multiple_choice_answer_ibfk_1` FOREIGN KEY (`question_id`) REFERENCES `multiple_choice_question` (`id`) ON DELETE CASCADE;

--
-- Constraints for table `player`
--
ALTER TABLE `player`
  ADD CONSTRAINT `player_ibfk_1` FOREIGN KEY (`current_airport_id`) REFERENCES `airport` (`id`) ON DELETE SET NULL;
COMMIT;

/*!40101 SET CHARACTER_SET_CLIENT=@OLD_CHARACTER_SET_CLIENT */;
/*!40101 SET CHARACTER_SET_RESULTS=@OLD_CHARACTER_SET_RESULTS */;
/*!40101 SET COLLATION_CONNECTION=@OLD_COLLATION_CONNECTION */;
